Cites,Authors,Title,Year,Source,Publisher,ArticleURL,CitesURL,GSRank,QueryDate,Type,DOI,ISSN,CitationURL,Volume,Issue,StartPage,EndPage,ECC,CitesPerYear,CitesPerAuthor,AuthorCount,Age
984,"D Putra","Pengolahan citra digital",2010,"","books.google.com","https://books.google.com/books?hl=en&lr=&id=NectMutqXJAC&oi=fnd&pg=PR4&dq=%22pengolahan+citra%22&ots=C2mxXTwSm8&sig=AFSuyA83HSBRS_DDNd2_nJinKLs","https://scholar.google.com/scholar?cites=3946819145192661820&as_sdt=2005&sciodt=0,5&hl=en",1,"2019-07-12","BOOK","","","",,,,,984,109.33,984,1,9
16,"H Nuriya, Z Hidayah…","Pengukuran Konsentrasi Klorofil-a dengan Pengolahan Citra Landsat ETM-7 dan Uji Laboratorium di Perairan Selat Madura Bagian Barat",2010,"… : Indonesian Journal of …","journal.trunojoyo.ac.id","http://journal.trunojoyo.ac.id/jurnalkelautan/article/view/847","https://scholar.google.com/scholar?cites=15276107471504131700&as_sdt=2005&sciodt=0,5&hl=en",2,"2019-07-12","","","","",,,,,16,1.78,5,3,9
9,"AS Somantri","Menentukan klasifikasi mutu fisik beras dengan menggunakan teknologi pengolahan citra digital dan jaringan syaraf tiruan",2010,"Jurnal Standardisasi","js.bsn.go.id","http://js.bsn.go.id/index.php/standardisasi/article/view/154","https://scholar.google.com/scholar?cites=5483819403797085432&as_sdt=2005&sciodt=0,5&hl=en",3,"2019-07-12","","","","",,,,,9,1.00,9,1,9
149,"MH Purnomo, A Muntasa","Konsep pengolahan citra digital dan ekstraksi fitur",2010,"Yogyakarta: Graha Ilmu","","","https://scholar.google.com/scholar?cites=11975243569176755366&as_sdt=2005&sciodt=0,5&hl=en",4,"2019-07-12","CITATION","","","",,,,,149,16.56,75,2,9
14,"AA Wijaya, Y Prayudi","Implementasi visi komputer dan segmentasi citra untuk klasifikasi bobot telur ayam ras",2010,"Jurnal Fakultas Hukum UII","academia.edu","http://www.academia.edu/download/46464698/1949-1785-1-PB.pdf","https://scholar.google.com/scholar?cites=16324847092631189743&as_sdt=2005&sciodt=0,5&hl=en",5,"2019-07-12","PDF","","","",,,,,14,1.56,7,2,9
11,"IKGD Putra, IG Suarjana","Segmentasi citra retina digital retinopati diabetes untuk membantu pendeteksian mikroaneurisma",2010,"Majalah Ilmiah Teknologi Elektro","ojs.unud.ac.id","https://ojs.unud.ac.id/index.php/JTE/article/view/1631","https://scholar.google.com/scholar?cites=12749325390514512357&as_sdt=2005&sciodt=0,5&hl=en",6,"2019-07-12","","","","",,,,,11,1.22,6,2,9
10,"ET Opa","Analisis perubahan luas lahan mangrove di kabupaten Pohuwato propinsi Gorontalo dengan menggunakan citra Landsat",2010,"Jurnal Perikanan dan Kelautan Tropis","ejournal.unsrat.ac.id","https://ejournal.unsrat.ac.id/index.php/JPKT/article/view/165","https://scholar.google.com/scholar?cites=11906330176033803598&as_sdt=2005&sciodt=0,5&hl=en",7,"2019-07-12","","","","",,,,,10,1.11,10,1,9
9,"H Nuriya, Z Hidayah, AF Syah","Analisis Parameter Fisika Kimia di Perairan Sumenep Bagian Timur dengan Menggunakan Citra Landsat TM 5",2010,"Jurnal Kelautan: Indonesian …","neo-bis.trunojoyo.ac.id","http://neo-bis.trunojoyo.ac.id/jurnalkelautan/article/view/922","https://scholar.google.com/scholar?cites=17611217950400975804&as_sdt=2005&sciodt=0,5&hl=en",8,"2019-07-12","","","","",,,,,9,1.00,3,3,9
21,"V Siregar","Pemetaan substrat dasar perairan dangkal karang congkak dan lebar kepulauan seribu menggunakan citra satelit quickbird",2010,"E-Jurnal Itkt","researchgate.net","https://www.researchgate.net/profile/Vincentius_Siregar/publication/303221666_The_bottom_substrate_shallow_water_mapping_using_the_quick_bird_satellite_imagery/links/5a15049ca6fdccd697bbfcd8/The-bottom-substrate-shallow-water-mapping-using-the-quick-bird-satellite-imagery.pdf","https://scholar.google.com/scholar?cites=8438619189304983861&as_sdt=2005&sciodt=0,5&hl=en",9,"2019-07-12","PDF","","","",,,,,21,2.33,21,1,9
8,"R Munir","Image Watermarking untuk Citra Berwarna dengan Metode Berbasis Korelasi dalam Ranah DCT",2010,"Jurnal Petir","academia.edu","http://www.academia.edu/download/34737853/MakalahdiJurnalPETIR.pdf","https://scholar.google.com/scholar?cites=8604836366755340457&as_sdt=2005&sciodt=0,5&hl=en",10,"2019-07-12","PDF","","","",,,,,8,0.89,8,1,9
3,"M Awaluddin, B Darmo","Penajaman dan Segmentasi Citra pada Pengolahan Citra Digital",2010,"Teknik","ejournal.undip.ac.id","https://ejournal.undip.ac.id/index.php/teknik/article/view/1756","https://scholar.google.com/scholar?cites=14163326164008769634&as_sdt=2005&sciodt=0,5&hl=en",11,"2019-07-12","","","","",,,,,3,0.33,2,2,9
5,"A Wicaksono, FF Muhsoni…","Aplikasi Data Citra Satelit NOAA-17 untuk Mengukur Variasi Suhu Permukaan Laut Jawa",2010,"… : Indonesian Journal of …","infestasi.trunojoyo.ac.id","http://infestasi.trunojoyo.ac.id/jurnalkelautan/article/view/849","https://scholar.google.com/scholar?cites=13890833828171102035&as_sdt=2005&sciodt=0,5&hl=en",12,"2019-07-12","","","","",,,,,5,0.56,2,3,9
2,"D Citra","Pengolahan Citra Digital",2010,"","academia.edu","http://www.academia.edu/download/33533192/PENDAHULUAN.doc","https://scholar.google.com/scholar?cites=3140424995164158909&as_sdt=2005&sciodt=0,5&hl=en",13,"2019-07-12","","","","",,,,,2,0.22,2,1,9
12,"D Putra","Pengolahan CiTra DigiTal: Andi Offset",2010,"","Yogyakarta","","https://scholar.google.com/scholar?cites=12069540962440482243&as_sdt=2005&sciodt=0,5&hl=en",14,"2019-07-12","CITATION","","","",,,,,12,1.33,12,1,9
19,"AN Anna, RW Kaeks, WA Astuti","Analisis karakteristik parameter hidrologi akibat alih fungsi lahan di daerah Sukoharjo melalui citra landsat tahun 1997 dengan tahun 2002",2010,"Forum Geografi","journals.ums.ac.id","http://journals.ums.ac.id/index.php/fg/article/view/5015","https://scholar.google.com/scholar?cites=10618070285086229029&as_sdt=2005&sciodt=0,5&hl=en",15,"2019-07-12","","","","",,,,,19,2.11,6,3,9
19,"A Djajadi, F Laoda, R Rusyadi, T Prajogo…","A model vision of sorting system application using robotic manipulator",2010,"… Indonesian Journal of …","Citeseer","http://citeseerx.ist.psu.edu/viewdoc/download?doi=10.1.1.302.5387&rep=rep1&type=pdf","https://scholar.google.com/scholar?cites=12474879913776511042&as_sdt=2005&sciodt=0,5&hl=en",16,"2019-07-12","PDF","","","",,,,,19,2.11,4,5,9
10,"B Rudianto","Analisis Ketelitian Objek pada Peta Citra Quickbird RS 0, 68 m dan Ikonos RS 1, 0 m",2010,"Jurnal Itenas Rekayasa","ejurnal.itenas.ac.id","https://ejurnal.itenas.ac.id/index.php/rekayasa/article/view/71","https://scholar.google.com/scholar?cites=7467873381935236562&as_sdt=2005&sciodt=0,5&hl=en",17,"2019-07-12","","","","",,,,,10,1.11,10,1,9
4,"S Widodo","Kinerja dan Performa Algoritma Kompressi Lossless Terhadap Objek Citra Digital",2010,"Industrial Electronic Seminar","repo.pens.ac.id","http://repo.pens.ac.id/37/","https://scholar.google.com/scholar?cites=10056195108548864278&as_sdt=2005&sciodt=0,5&hl=en",18,"2019-07-12","","","","",,,,,4,0.44,4,1,9
8,"W Fitria, K Usman, D Mursita","Desain dan Implementasi Sistem Penerjemah Huruf Jepang Kana (Hiragana-Katakana) Ke Huruf Latin Berbasis Pengolahan Citra Digital dan Jaringan …",2010,"Bandung: Institut Teknologi Telkom","","","https://scholar.google.com/scholar?cites=5520859074510081161&as_sdt=2005&sciodt=0,5&hl=en",19,"2019-07-12","CITATION","","","",,,,,8,0.89,3,3,9
2,"D Priyawati","Aplikasi Teknik Pengolahan Citra Digital Pada Domain Spasial Untuk Peningkatan Kualitas Citra Sinar-X",2010,"","eprints.ums.ac.id","http://eprints.ums.ac.id/id/eprint/9012","https://scholar.google.com/scholar?cites=13763440427745424399&as_sdt=2005&sciodt=0,5&hl=en",20,"2019-07-12","","","","",,,,,2,0.22,2,1,9
3,"AE FAHRUDIN","Deteksi diabetic retinopathy pada citra retina dengan jaringan syaraf tiruan",2010,"","etd.repository.ugm.ac.id","http://etd.repository.ugm.ac.id/index.php?mod=penelitian_detail&sub=PenelitianDetail&act=view&typ=html&buku_id=45224","https://scholar.google.com/scholar?cites=8373378653552230652&as_sdt=2005&sciodt=0,5&hl=en",21,"2019-07-12","","","","",,,,,3,0.33,3,1,9
17,"C Iswahyudi","Prototype aplikasi untuk mengukur kematangan buah apel berdasar kemiripan warna",2010,"Jurnal Teknologi","ejournal.akprind.ac.id","https://ejournal.akprind.ac.id/index.php/jurtek/article/view/849","https://scholar.google.com/scholar?cites=12988962676982693811&as_sdt=2005&sciodt=0,5&hl=en",22,"2019-07-12","","","","",,,,,17,1.89,17,1,9
10,"M Arief","Analisis Kesesuaian Perairan Tambak Di Kabupaten Demak Ditinjau Dari Nilai Klorofil-A, Suhu Permukaan Perairan, dan Muatan Padatan Tersuspensi …",2010,"Jurnal Penginderaan Jauh dan Pengolahan Data Citra …","jurnal.lapan.go.id","http://jurnal.lapan.go.id/index.php/jurnal_inderaja/article/view/504","https://scholar.google.com/scholar?cites=719389273079683512&as_sdt=2005&sciodt=0,5&hl=en",23,"2019-07-12","","","","",,,,,10,1.11,10,1,9
5,"I Hidayati","Pemanfaatan Teori Bukti Dempster-Shafer Untuk Optimalisasi Penggunaan Lahan Berdasarkan Data Spasial Dan Citra Multi Sumber",2010,"Jurnal EMBRYO ISSN 0216-0188 Vol. 7 No. 1 …","pertanian.trunojoyo.ac.id","http://pertanian.trunojoyo.ac.id/wp-content/uploads/2012/03/9JURNALISWARI-UGM.pdf","https://scholar.google.com/scholar?cites=7149598272096507407&as_sdt=2005&sciodt=0,5&hl=en",24,"2019-07-12","PDF","","","",,,,,5,0.56,5,1,9
7,"D Putra","Pengolahan Citra Digital: Yogyakarta",2010,"Penerbit Andi","","","https://scholar.google.com/scholar?cites=760806465440764317&as_sdt=2005&sciodt=0,5&hl=en",25,"2019-07-12","CITATION","","","",,,,,7,0.78,7,1,9
4,"S Munawaroh, FA Sutanto","Pengolah Citra Digital untuk Identifikasi Uang Kertas",2010,"Dinamik","unisbank.ac.id","https://www.unisbank.ac.id/ojs/index.php/fti1/article/view/109/104","https://scholar.google.com/scholar?cites=13958003748587263296&as_sdt=2005&sciodt=0,5&hl=en",26,"2019-07-12","PDF","","","",,,,,4,0.44,2,2,9
2,"FD Ratnasari","Identifikasi dan klasifikasi jenis sel darah putih dengan pengolahan citra digital",2010,"","etd.repository.ugm.ac.id","http://etd.repository.ugm.ac.id/index.php?mod=penelitian_detail&sub=PenelitianDetail&act=view&typ=html&buku_id=47043","https://scholar.google.com/scholar?cites=10995763671858791630&as_sdt=2005&sciodt=0,5&hl=en",27,"2019-07-12","","","","",,,,,2,0.22,2,1,9
20,"N Nurmila, A Sugiharto, EA Sarwoko","Algoritma back propagation neural network untuk pengenalan pola karakter huruf jawa",2010,"Jurnal Masyarakat Informatika","academia.edu","http://www.academia.edu/download/48287172/74-1276-2-PB.pdf","https://scholar.google.com/scholar?cites=6759663998828907785&as_sdt=2005&sciodt=0,5&hl=en",28,"2019-07-12","PDF","","","",,,,,20,2.22,7,3,9
13,"DY Qur'ani, S Rosmalinda","Jaringan Syaraf Tiruan Learning Vector Quantization Untuk Aplikasi Pengenalan Tanda Tangan",2010,"Jurnal Fakultas Hukum UII","neliti.com","https://www.neliti.com/publications/88736/jaringan-syaraf-tiruan-learning-vector-quantization-untuk-aplikasi-pengenalan-ta","https://scholar.google.com/scholar?cites=9271458124491216764&as_sdt=2005&sciodt=0,5&hl=en",29,"2019-07-12","","","","",,,,,13,1.44,7,2,9
3,"AM Pahlevi, W Wiweka","Analisa Sedimentasi di Muara kali Porong Akibat Pembuangan Lumpur Lapindo Menggunakan Data Citra Satelit ASTER",2010,"GEOMATIKA","jurnal.big.go.id","http://jurnal.big.go.id/index.php/GM/article/view/237","https://scholar.google.com/scholar?cites=14377334110440969895&as_sdt=2005&sciodt=0,5&hl=en",30,"2019-07-12","","","","",,,,,3,0.33,2,2,9
12,"M Rahman, S Wasista","Sistem pengenalan wajah menggunakan webcam untuk absensi dengan metode template matching",2010,"EEPIS Final Project","repo.pens.ac.id","http://repo.pens.ac.id/id/eprint/538","https://scholar.google.com/scholar?cites=15158219040342109500&as_sdt=2005&sciodt=0,5&hl=en",31,"2019-07-12","","","","",,,,,12,1.33,6,2,9
5,"D Putra","Pengolahan Citra Digital, Westriningsih, Ed",2010,"Yogyakarta, Indonesia: CV ANDI OFFSET","","","https://scholar.google.com/scholar?cites=13390127383891374268&as_sdt=2005&sciodt=0,5&hl=en",32,"2019-07-12","CITATION","","","",,,,,5,0.56,5,1,9
2,"DR Fifin","Pengenalan Pola Citra Leukosit Dengan Metode Ekstraksi Fitur Citra",2010,"Jurnal Pendidikan Fisika Indonesia","journal.unnes.ac.id","http://journal.unnes.ac.id/nju/index.php/JPFI/article/viewFile/1126/1047","https://scholar.google.com/scholar?cites=14140572054891864277&as_sdt=2005&sciodt=0,5&hl=en",33,"2019-07-12","PDF","","","",,,,,2,0.22,2,1,9
4,"INA Ramatrayana","Perancangan Dan Implementasi Decoder Barcode Real–Time Berbasis Webcam Dan Pengolahan Citra Digital",2010,"Tugas Akhir, Bandung","","","https://scholar.google.com/scholar?cites=16702896428076337638&as_sdt=2005&sciodt=0,5&hl=en",34,"2019-07-12","CITATION","","","",,,,,4,0.44,4,1,9
4,"YS Hariyani, K Usman…","Pengenalan Plat Kendaraan Berbasis Pengolahan Citra Digital Dan Jaringan Syaraf Tiruan Self-Organizing Maps (SOM)",2010,"Telkom …","repository.telkomuniversity.ac.id","https://repository.telkomuniversity.ac.id/pustaka/files/91896/cover/pengenalan-plat-kendaraan-berbasis-pengolahan-citra-digital-dan-jaringan-syaraf-tiruan-self-organizing-maps-som-.pdf","https://scholar.google.com/scholar?cites=7072875221400675565&as_sdt=2005&sciodt=0,5&hl=en",35,"2019-07-12","CITATION","","","",,,,,4,0.44,1,3,9
2,"S Sutarno","Analisis Perbandingan Transformasi Wavelet pada Pengenalan Citra Wajah",2010,"Jurnal Generic","eprints.unsri.ac.id","http://eprints.unsri.ac.id/334/","https://scholar.google.com/scholar?cites=17113376615343903308&as_sdt=2005&sciodt=0,5&hl=en",36,"2019-07-12","","","","",,,,,2,0.22,2,1,9
9,"W Hidayat","Perlindungan Pesan Rahasia Pada Citra Digital Menggunakan Metode Least Significant Bitsteganografi",2010,"","repository.usu.ac.id","http://repository.usu.ac.id/handle/123456789/16877","https://scholar.google.com/scholar?cites=3246881437435782505&as_sdt=2005&sciodt=0,5&hl=en",37,"2019-07-12","","","","",,,,,9,1.00,9,1,9
2,"M Nasir, R Syam, M Hariadi","Enhancement Citra Sidik Jari Kotor Menggunakan Hybrid Method dan Gabor Filter",2010,"Surabaya: Institut Teknologi Sepuluh …","researchgate.net","https://www.researchgate.net/profile/Mochamad_Hariadi/publication/265221338_Enhancement_Citra_Sidik_Jari_Kotor_Menggunakan_Hybrid_Method_Dan_Gabor_Filter/links/5556b60308ae6fd2d82373b8/Enhancement-Citra-Sidik-Jari-Kotor-Menggunakan-Hybrid-Method-Dan-Gabor-Filter.pdf","https://scholar.google.com/scholar?cites=10112439359288001737&as_sdt=2005&sciodt=0,5&hl=en",38,"2019-07-12","PDF","","","",,,,,2,0.22,1,3,9
2,"OD Nurhayati, TS Widodo, A Susanto…","Ektraksi Ciri Citra Termogram Payudara Berbasis Dimensi Fraktal",2010,"Forum …","journal.ugm.ac.id","https://journal.ugm.ac.id/mft/article/view/682","https://scholar.google.com/scholar?cites=2521986981063409379&as_sdt=2005&sciodt=0,5&hl=en",39,"2019-07-12","","","","",,,,,2,0.22,1,4,9
3,"JF Bamukrah","Pengertian Pengolahan Citra (Image Processing)",2010,"Universitas Gunadarma","","","https://scholar.google.com/scholar?cites=5873005724500804181&as_sdt=2005&sciodt=0,5&hl=en",40,"2019-07-12","CITATION","","","",,,,,3,0.33,3,1,9
3,"D PUTRA","Pengantar Pengolahan Citra Digital",2010,"","Yogyakarta","","https://scholar.google.com/scholar?cites=5102085007066815961&as_sdt=2005&sciodt=0,5&hl=en",41,"2019-07-12","CITATION","","","",,,,,3,0.33,3,1,9
3,"HS Tofani, M Kemas","Desain Sistem Dokumentasi Tugas Akhir Otomatis Berbasis Pengolahan Citra Digital Hasil Akuisisi Webcam Dengan Menggunakan JST …",2010,"Institut Teknologi Telkom, Bandung","","","https://scholar.google.com/scholar?cites=17483014857423661136&as_sdt=2005&sciodt=0,5&hl=en",42,"2019-07-12","CITATION","","","",,,,,3,0.33,2,2,9
3,"D Putra","Pengolahan Citra Digital, vol. 1",2010,"Yogyakarta: Andi Yogyakarta","","","https://scholar.google.com/scholar?cites=7420890052160988191&as_sdt=2005&sciodt=0,5&hl=en",43,"2019-07-12","CITATION","","","",,,,,3,0.33,3,1,9
3,"D Putra","Pengolahan Citra Digital, Penerbit Andi, Yogyakarta",2010,"","Bahasa","","https://scholar.google.com/scholar?cites=14036175956422519238&as_sdt=2005&sciodt=0,5&hl=en",44,"2019-07-12","CITATION","","","",,,,,3,0.33,3,1,9
8,"HT Saksono, A Rizal, K Usman","Pendeteksian Kanker Paru-Paru Dengan Menggunakan Transformasi Wavelet Dan Metode Linear Discriminant Analysis",2010,"Teknologi Elektro","researchgate.net","https://www.researchgate.net/profile/Achmad_Rizal4/publication/266179742_PENDETEKSIAN_KANKER_PARU-PARU_DENGAN_MENGGUNAKAN_TRANSFORMASI_WAVELET_DAN_METODE_LINEAR_DISCRIMINANT_ANALYSIS/links/54c1c1a10cf2dd3cb958e96a.pdf","https://scholar.google.com/scholar?cites=14305173733656961762&as_sdt=2005&sciodt=0,5&hl=en",45,"2019-07-12","PDF","","","",,,,,8,0.89,3,3,9
5,"M Nur Indah, R Ismiarti","Implementasi Jaringan Saraf Tiruan Dalam Aplikasi Identifikasi Huruf Vokal Berdasarkan Pola Gerak Bibir",2010,"","portal.kopertis3.or.id","http://portal.kopertis3.or.id/handle/123456789/1358","https://scholar.google.com/scholar?cites=7712249919253135027&as_sdt=2005&sciodt=0,5&hl=en",46,"2019-07-12","","","","",,,,,5,0.56,3,2,9
7,"KD Irianto","Pendeteksi Gerak Berbasis Kamera Menggunakan Opencv Pada Ruangan",2010,"Jurnal Ilmiah KomuniTi","researchgate.net","https://www.researchgate.net/profile/Kurniawan_Irianto/publication/265938339_PENDETEKSI_GERAK_BERBASIS_KAMERA_MENGGUNAKAN_OPENCV_PADA_RUANGAN/links/55dbfdaf08aed6a199ac7068/PENDETEKSI-GERAK-BERBASIS-KAMERA-MENGGUNAKAN-OPENCV-PADA-RUANGAN.pdf","https://scholar.google.com/scholar?cites=13571209912255117534&as_sdt=2005&sciodt=0,5&hl=en",47,"2019-07-12","PDF","","","",,,,,7,0.78,7,1,9
3,"BSW Poetro, A Sugiharto…","Kriptografi Citra Digital Dengan Algoritma Rijndael Dan Transformasi Wavelet Diskrit Haar",2010,"… Seminar Nasional Ilmu …","eprints.undip.ac.id","http://eprints.undip.ac.id/33564/","https://scholar.google.com/scholar?cites=7782600308990048646&as_sdt=2005&sciodt=0,5&hl=en",48,"2019-07-12","","","","",,,,,3,0.33,1,3,9
105,"BE Purnama","Sistem Informasi Kartuhalo Dari Telkomsel Berbasis Komputer Multimedia Kajian Strategis Praktis Telkomsel Divisi Surakarta",2010,"Publikasi Nasional","bep.ejurnal.net","http://bep.ejurnal.net/index.php/nas/article/view/41/40","https://scholar.google.com/scholar?cites=2958023953758192992&as_sdt=2005&sciodt=0,5&hl=en",49,"2019-07-12","PDF","","","",,,,,105,11.67,105,1,9
2,"D Putra","Dasar Pengolahan Citra",2010,"Pengolahan Citra, Ed","","","https://scholar.google.com/scholar?cites=8709845673794026681&as_sdt=2005&sciodt=0,5&hl=en",50,"2019-07-12","CITATION","","","",,,,,2,0.22,2,1,9
3,"S Astuti","Binerisasi Otomatis Pada Citra Bergradasi Dengan Metode Variabel Dan Metode Iterasi",2010,"Techno. Com","","","https://scholar.google.com/scholar?cites=11815688158121039075&as_sdt=2005&sciodt=0,5&hl=en",51,"2019-07-12","CITATION","","","",,,,,3,0.33,3,1,9
1,"S MUNAWAROH","Pengolahan citra digital untuk menentukan umur kayu jati",2010,"","etd.repository.ugm.ac.id","http://etd.repository.ugm.ac.id/index.php?mod=penelitian_detail&sub=PenelitianDetail&act=view&typ=html&buku_id=45164","https://scholar.google.com/scholar?cites=17030065798140154545&as_sdt=2005&sciodt=0,5&hl=en",52,"2019-07-12","","","","",,,,,1,0.11,1,1,9
1,"DW Soedibyo, U Ahmad, KB Seminar…","Rancang bangun sistem sortasi cerdas berbasis pengolahan citra untuk kopi beras",2010,"Jurnal Keteknikan …","journal.ipb.ac.id","http://journal.ipb.ac.id/index.php/jtep/article/view/7398","https://scholar.google.com/scholar?cites=11817483228512696794&as_sdt=2005&sciodt=0,5&hl=en",53,"2019-07-12","","","","",,,,,1,0.11,0,4,9
4,"A Fitri","Perbandingan Metode Low-Pass Filter dan Median Filter dalam Penghalusan Citra (Image Smoothing) Untuk Peningkatan Kualitas Citra (Image …",2010,"Skripsi Teknik Informatika Universitas Komputer …","","","https://scholar.google.com/scholar?cites=481408616840679677&as_sdt=2005&sciodt=0,5&hl=en",54,"2019-07-12","CITATION","","","",,,,,4,0.44,4,1,9
2,"A Murni, D Chahyati","Pengolahan Citra Digital: Transformasi Citra",2010,"","Bagian","","https://scholar.google.com/scholar?cites=9414376313622719182&as_sdt=2005&sciodt=0,5&hl=en",55,"2019-07-12","CITATION","","","",,,,,2,0.22,1,2,9
2,"JF Bamukrah","Pengertian Pengolahan Citra",2010,"Image Processing","","","https://scholar.google.com/scholar?cites=8483314421500296279&as_sdt=2005&sciodt=0,5&hl=en",56,"2019-07-12","CITATION","","","",,,,,2,0.22,2,1,9
2,"D Putra","Pengolahan Citra Digital (Edisi 1)",2010,"Penerbit Andi, Yogyakarta, Indonesia","","","https://scholar.google.com/scholar?cites=7177345168334029087&as_sdt=2005&sciodt=0,5&hl=en",57,"2019-07-12","CITATION","","","",,,,,2,0.22,2,1,9
2,"P Darma","Pengolahan Citra Digital (Westriningsih, Ed.)",2010,"Yogyakarta, Indonesia: Penerbit Andi","","","https://scholar.google.com/scholar?cites=9245341960215593509&as_sdt=2005&sciodt=0,5&hl=en",58,"2019-07-12","CITATION","","","",,,,,2,0.22,2,1,9
2,"D Putra","Image Processing (Pengolahan Citra Digital)",2010,"Andi Offset","","","https://scholar.google.com/scholar?cites=5245926672038311573&as_sdt=2005&sciodt=0,5&hl=en",59,"2019-07-12","CITATION","","","",,,,,2,0.22,2,1,9
2,"D Putra","Teori Pengolahan Citra Digital, Andi, Ed",2010,"","Yogyakarta","","https://scholar.google.com/scholar?cites=17486602725082611180&as_sdt=2005&sciodt=0,5&hl=en",60,"2019-07-12","CITATION","","","",,,,,2,0.22,2,1,9
2,"FH Parlianawati","Deteksi Kerusakan Tekstil Menggunakan Mikroskop Digital Dino-Lite 211 Dengan Analisa Struktur Berbasis Pengolahan Citra Digital",2010,"Institut Teknologi Telkom. Bandung","","","https://scholar.google.com/scholar?cites=10712813424281999355&as_sdt=2005&sciodt=0,5&hl=en",61,"2019-07-12","CITATION","","","",,,,,2,0.22,2,1,9
2,"V Sesanria","Desain dan Implementasi Sistem Verifikasi Pembayaran Registrasi Menggunakan Print Out ATM Berbasis Pengolahan Citra Digital di IT Telkom",2010,"Tugas Akhir IT Telkom","","","https://scholar.google.com/scholar?cites=8895950805446757324&as_sdt=2005&sciodt=0,5&hl=en",62,"2019-07-12","CITATION","","","",,,,,2,0.22,2,1,9
5,"M Susmikanti","Pengenalan Pola Berbasis Jaringan Syaraf Tiruan Dalam Analisa CT Scan Tumor Otak Beligna",2010,"Seminar Nasional Aplikasi Teknologi Informasi …","researchgate.net","https://www.researchgate.net/profile/Mike_Susmikanti/publication/279376414_PENGENALAN_POLA_BERBASIS_JARINGAN_SYARAF_TIRUAN_DALAM_ANALISA_CT_SCAN_TUMOR_OTAK_BELIGNA/links/571a1a6508aed43f63245eba.pdf","https://scholar.google.com/scholar?cites=5849929265948704761&as_sdt=2005&sciodt=0,5&hl=en",63,"2019-07-12","PDF","","","",,,,,5,0.56,5,1,9
1,"RS Prima","Perbaikan Kualitas Citra Berbasis Transformasi Fourier",2010,"","repository.usu.ac.id","http://repository.usu.ac.id/handle/123456789/16876","https://scholar.google.com/scholar?cites=3749261550924012201&as_sdt=2005&sciodt=0,5&hl=en",64,"2019-07-12","","","","",,,,,1,0.11,1,1,9
5,"AFNSMP Negeri","Analisis sistem presensi dengan sidik jari siswa SMK Negeri 2 Karangayar",2010,"Speed-Sentra Penelitian Engineering dan …","speed.web.id","http://speed.web.id/ejournal/index.php/Speed/article/view/336","https://scholar.google.com/scholar?cites=6181734923547937012&as_sdt=2005&sciodt=0,5&hl=en",65,"2019-07-12","","","","",,,,,5,0.56,5,1,9
4,"P Kasih, YM Pranoto","Handwritten Character Recognition Untuk Evaluasi Perkembangan Kemampuan Menulis Anak Paud",2010,"","ideatech.stts.edu","http://ideatech.stts.edu/proceeding2015/273%20-%20Patmi%20Kasih.pdf","https://scholar.google.com/scholar?cites=10218596697411656984&as_sdt=2005&sciodt=0,5&hl=en",66,"2019-07-12","PDF","","","",,,,,4,0.44,2,2,9
1,"M Nurkamid","Metode Kecerahan Citra Kontras Citra dan Penajaman Citra untuk Peningkatan Mutu Citra",2010,"Sains dan Teknologi","eprints.umk.ac.id","http://eprints.umk.ac.id/110/","https://scholar.google.com/scholar?cites=10422362163941300280&as_sdt=2005&sciodt=0,5&hl=en",67,"2019-07-12","","","","",,,,,1,0.11,1,1,9
1,"D Kusmiati","Klasifikasi Citra Sidik Jari Dengan Metode Templte Matching",2010,"","eprints.undip.ac.id","http://eprints.undip.ac.id/7750/","https://scholar.google.com/scholar?cites=13289509967654349818&as_sdt=2005&sciodt=0,5&hl=en",68,"2019-07-12","","","","",,,,,1,0.11,1,1,9
1,"M Solahudin, KB Seminar","Analisis Dimensi Fraktal untuk Identifikasi Tanaman dengan Pendekatan Pemrosesan Citra Secara Paralel",2010,"Jurnal Keteknikan Pertanian","journal.ipb.ac.id","http://journal.ipb.ac.id/index.php/jtep/article/view/7370","https://scholar.google.com/scholar?cites=2787505715323377607&as_sdt=2005&sciodt=0,5&hl=en",69,"2019-07-12","","","","",,,,,1,0.11,1,2,9
3,"BM Sukojo, H Kustarto","Perbaikan Geometrik Trase Jaringan Jalan dengan Menggunakan Teknologi Penginderaan Jauh dan Sistem Informasi Geografis",2010,"Makara Journal of Science","journal.ui.ac.id","http://journal.ui.ac.id/index.php/science/article/viewArticle/211","https://scholar.google.com/scholar?cites=5514186034728655184&as_sdt=2005&sciodt=0,5&hl=en",70,"2019-07-12","","","","",,,,,3,0.33,2,2,9
1,"TL BHAKTI","Rancang bangun piranti lunak analisis karakteristik bijih emas berdasarkan parameter citra digital",2010,"","etd.repository.ugm.ac.id","http://etd.repository.ugm.ac.id/index.php?mod=penelitian_detail&sub=PenelitianDetail&act=view&typ=html&buku_id=45798","https://scholar.google.com/scholar?cites=7588995453140942103&as_sdt=2005&sciodt=0,5&hl=en",71,"2019-07-12","","","","",,,,,1,0.11,1,1,9
4,"M Kamal, S Arjasakusuma","Ekstraksi Informasi Penutup Lahan Menggunakan Spektrometer Lapangan Sebagai Masukan Endmember pada Data Hiperspektral Resolusi Sedang",2010,"GEOMATIKA","jurnal.big.go.id","http://jurnal.big.go.id/index.php/GM/article/view/240","https://scholar.google.com/scholar?cites=10310148586594063268&as_sdt=2005&sciodt=0,5&hl=en",72,"2019-07-12","","","","",,,,,4,0.44,2,2,9
2,"T Nurhayati, DM KN…","Identifikasi Kanker Payudara dengan Thermal",2010,"Prosiding SNST …","publikasiilmiah.unwahas.ac.id","https://www.publikasiilmiah.unwahas.ac.id/index.php/PROSIDING_SNST_FT/article/view/195","https://scholar.google.com/scholar?cites=12961002246757563443&as_sdt=2005&sciodt=0,5&hl=en",73,"2019-07-12","","","","",,,,,2,0.22,1,3,9
14,"PD Raharjo","Teknik penginderaan jauh dan sistem informasi geografis untuk identifikasi potensi kekeringan",2010,"Makara Journal of Technology","researchgate.net","https://www.researchgate.net/profile/Puguh_D_Raharjo/publication/271122390_TEKNIK_PENGINDERAAN_JAUH_DAN_SISTEM_INFORMASI_GEOGRAFIS_UNTUK_IDENTIFIKASI_POTENSI_KEKERINGAN/links/5a6ea16f458515d40758585d/TEKNIK-PENGINDERAAN-JAUH-DAN-SISTEM-INFORMASI-GEOGRAFIS-UNTUK-IDENTIFIKASI-POTENSI-KEKERINGAN.pdf","https://scholar.google.com/scholar?cites=14109985011018047924&as_sdt=2005&sciodt=0,5&hl=en",74,"2019-07-12","PDF","","","",,,,,14,1.56,14,1,9
1,"N Nurpadmi","Segmentasi Tulang pada Citra CT Menggunakan Active Contour",2010,"Industrial Electronic Seminar","repo.pens.ac.id","http://repo.pens.ac.id/id/eprint/224","https://scholar.google.com/scholar?cites=15316180902966310904&as_sdt=2005&sciodt=0,5&hl=en",75,"2019-07-12","","","","",,,,,1,0.11,1,1,9
3,"K Adi, T Mengko, A Suksmono…","Phase unwrapping InSAR image using local energy minimization approach",2010,"Makara Journal of …","journal.ui.ac.id","http://journal.ui.ac.id/technology/index.php/journal/article/view/511","https://scholar.google.com/scholar?cites=12733312621372582670&as_sdt=2005&sciodt=0,5&hl=en",76,"2019-07-12","","","","",,,,,3,0.33,1,4,9
1,"Y Yuniardi","Struktur Geologi Cekungan Ombilin Berdasarkan Interpretasi Citra Satelit",2010,"Bulletin of Scientific Contribution","jurnal.unpad.ac.id","http://jurnal.unpad.ac.id/bsc/article/view/8246","https://scholar.google.com/scholar?cites=363767935665441565&as_sdt=2005&sciodt=0,5&hl=en",77,"2019-07-12","","","","",,,,,1,0.11,1,1,9
4,"B Sulistiarto, AB Cahyono","Studi tentang identifikasi longsor dengan menggunakan citra landsat dan ASTER (Studi Kasus: Kabupaten Jember)",2010,"Surabaya. Institut Teknologi Sepuluh Nopember","","","https://scholar.google.com/scholar?cites=18264428719199305898&as_sdt=2005&sciodt=0,5&hl=en",78,"2019-07-12","CITATION","","","",,,,,4,0.44,2,2,9
2,"F Arnia, K Munadi","Metode restorasi citra manuskrip kuno berbasis histogram terekualisasi",2010,"Prosiding Seminar Nasional Teknologi Informasi","","","https://scholar.google.com/scholar?cites=3536595764503834091&as_sdt=2005&sciodt=0,5&hl=en",79,"2019-07-12","CITATION","","","",,,,,2,0.22,1,2,9
18,"S Rohajawati, R Supriyati","Sistem Pakar: Diagnosis Penyakit Unggas Dengan Metode Certainty Factor",2010,"CommIT (Communication and …","journal.binus.ac.id","https://journal.binus.ac.id/index.php/commit/article/view/534","https://scholar.google.com/scholar?cites=15140913394058254652&as_sdt=2005&sciodt=0,5&hl=en",80,"2019-07-12","","","","",,,,,18,2.00,9,2,9
2,"D Setiadikarunia, Y Danandy","Teknik Adaptive Watermarking pada Domain Spasial untuk Penyisipan Label pada Citra Digital",2010,"","Skripsi S-1. Program Studi S1 Teknik …","","https://scholar.google.com/scholar?cites=13647723332389742715&as_sdt=2005&sciodt=0,5&hl=en",81,"2019-07-12","CITATION","","","",,,,,2,0.22,1,2,9
1,"SCY Madi","Pemutuan Biji Kopi dengan Menggunakan Pengolahan Citra (Image Processing)",2010,"Skripsi, Teknik Pertanian, IPB","","","https://scholar.google.com/scholar?cites=17999737461163139287&as_sdt=2005&sciodt=0,5&hl=en",82,"2019-07-12","CITATION","","","",,,,,1,0.11,1,1,9
1,"O Heriana, AN Rahman","Segmentasi Berbasis Warna pada Citra Termografi Kanker Payudara Menggunakan Ruang Warna L* a* b",2010,"Skripsi Fakultas Teknik Universitas …","researchgate.net","https://www.researchgate.net/profile/Octa_Heriana/publication/277306065_Segmentasi_Berbasis_Warna_pada_Citra_Termografi_Kanker_Payudara_Menggunakan_Ruang_Warna_Lab/links/5566834e08aefcb861d19b93/Segmentasi-Berbasis-Warna-pada-Citra-Termografi-Kanker-Payudara-Menggunakan-Ruang-Warna-Lab.pdf","https://scholar.google.com/scholar?cites=15538292994639658580&as_sdt=2005&sciodt=0,5&hl=en",83,"2019-07-12","PDF","","","",,,,,1,0.11,1,2,9
1,"DN Martono","Kajian Ketelitian Planimetrik bangunan Rumah Menggunakan Citra IKONOS Tipe Geomono",2010,"Jurnal Penginderaan Jauh dan Pengolahan Data …","jurnal.lapan.go.id","http://jurnal.lapan.go.id/index.php/jurnal_inderaja/article/view/507","https://scholar.google.com/scholar?cites=16783562188316352673&as_sdt=2005&sciodt=0,5&hl=en",84,"2019-07-12","","","","",,,,,1,0.11,1,1,9
1,"I Soesanti, A Susanto, TS Widodo…","Analisis Komputasi pada Segmentasi Citra Medis Adaptif Berbasis Logika Fuzzy Teroptimasi",2010,"Forum Teknik","journal.ugm.ac.id","https://journal.ugm.ac.id/mft/article/view/1049","https://scholar.google.com/scholar?cites=18326778257894390428&as_sdt=2005&sciodt=0,5&hl=en",85,"2019-07-12","","","","",,,,,1,0.11,0,4,9
7,"F Asriani, H Susilawati","Pengenalan Isyarat Tangan Statis pada Sistem Isyarat Bahasa Indonesia Berbasis Jaringan Syaraf Tiruan Perambatan Balik",2010,"Makara Journal of Technology","digilib.mercubuana.ac.id","http://digilib.mercubuana.ac.id/manager/t!@file_artikel_abstrak/Isi_Artikel_837068698977.pdf","https://scholar.google.com/scholar?cites=9042828406100993145&as_sdt=2005&sciodt=0,5&hl=en",86,"2019-07-12","PDF","","","",,,,,7,0.78,4,2,9
1,"A Ali Ischam","Watermarking Citra Digital Menggunakan Transformasi Hybrid DWT dan DCT",2010,"","eprints.undip.ac.id","http://eprints.undip.ac.id/22361/","https://scholar.google.com/scholar?cites=16183117961066390848&as_sdt=2005&sciodt=0,5&hl=en",87,"2019-07-12","","","","",,,,,1,0.11,1,1,9
13,"M Chafied, R Hakkun, R Asmara","Brosur interaktif berbasis augmented reality",2010,"EEPIS Final Project","repo.pens.ac.id","http://repo.pens.ac.id/id/eprint/428","https://scholar.google.com/scholar?cites=10744538400426949668&as_sdt=2005&sciodt=0,5&hl=en",88,"2019-07-12","","","","",,,,,13,1.44,4,3,9
2,"MD Stevanus, N Ramadijanti, RY Hakkun","Pembuatan Game Arcade dengan kendali tongkat dan deteksi suara",2010,"EEPIS Final Project","repo.pens.ac.id","http://repo.pens.ac.id/id/eprint/696","https://scholar.google.com/scholar?cites=13831702856375277765&as_sdt=2005&sciodt=0,5&hl=en",89,"2019-07-12","","","","",,,,,2,0.22,1,3,9
1,"S Indah","Teknik Pengolahan Citra",2010,"Universitas Mercu Buana Yogyakarta","","","https://scholar.google.com/scholar?cites=12152058069758436488&as_sdt=2005&sciodt=0,5&hl=en",90,"2019-07-12","CITATION","","","",,,,,1,0.11,1,1,9
1,"B Rizkananda","Pengolahan Citra Menggunakan Metode Eigen Face",2010,"","","","https://scholar.google.com/scholar?cites=2373939979838517038&as_sdt=2005&sciodt=0,5&hl=en",91,"2019-07-12","CITATION","","","",,,,,1,0.11,1,1,9
1,"SH Adi","Pembuatan Perangkat Lunak Pengolahan Citra Untuk Segmentasi Luas Pertumbuan Tanaman Pada Aplikasi Machine Vision",2010,"","TEP FTP Universitas Gadjah Mada …","","https://scholar.google.com/scholar?cites=2442906890278510762&as_sdt=2005&sciodt=0,5&hl=en",92,"2019-07-12","CITATION","","","",,,,,1,0.11,1,1,9
7,"BM Sukojo","Penggunaan Metode Analisa Ekologi Dan Penginderaan Jauh Untuk Pembangunan Sistem Informasi Geografis Ekosistem Pantai",2010,"Makara Journal of Science","journal.ui.ac.id","http://journal.ui.ac.id/index.php/science/article/viewArticle/294","https://scholar.google.com/scholar?cites=5525701295779036047&as_sdt=2005&sciodt=0,5&hl=en",93,"2019-07-12","","","","",,,,,7,0.78,7,1,9
2,"RWA Puri, ST Achmad Hidayatno","Pengenalan Wajah Menggunakan Alihragam Wavelet Haar dan Jarak Euclidean",2010,"Teknik Elektro Undip …","elektro.undip.ac.id","http://www.elektro.undip.ac.id/el_kpta/wp-content/uploads/2012/05/21060110151062_MTA.pdf","https://scholar.google.com/scholar?cites=14217873717401619872&as_sdt=2005&sciodt=0,5&hl=en",94,"2019-07-12","PDF","","","",,,,,2,0.22,1,2,9
2,"S Yovani, R Magdalena","Peningkatan Kehandalan Pada Aplikasi Pencatatan Jumlah Pengunjung Suatu Ruangan Berbasis Webcam Dengan Analisi Ciri Fisis Objek (Offline)",2010,"","Bandung: IT Telko","","https://scholar.google.com/scholar?cites=7284534392668432600&as_sdt=2005&sciodt=0,5&hl=en",95,"2019-07-12","CITATION","","","",,,,,2,0.22,1,2,9
2,"D Pratikaningtyas, I Santoso…","Klasifikasi motif batik menggunakan metode transformasi paket wavelet",2010,"Undergraduate, Electrical …","elektro.undip.ac.id","http://elektro.undip.ac.id/el_kpta/wp-content/uploads/2012/05/L2F004468_MTA.pdf","https://scholar.google.com/scholar?cites=2322460465245035090&as_sdt=2005&sciodt=0,5&hl=en",96,"2019-07-12","PDF","","","",,,,,2,0.22,1,3,9
2,"A Basyid","Pengembangan Peta Rencana Kontijensi Bencana Gunung Api",2010,"Jurnal Itenas Rekayasa","ejurnal.itenas.ac.id","https://ejurnal.itenas.ac.id/index.php/rekayasa/article/view/92","https://scholar.google.com/scholar?cites=9669389260767663920&as_sdt=2005&sciodt=0,5&hl=en",97,"2019-07-12","","","","",,,,,2,0.22,2,1,9
7,"G Sitanggang","Teknik Dan Metode Fusi (Pansharpening) Data Alos (Avnir-2 dan Prism) Untuk Identifikasi Penutup Lahan/Tanaman Pertanian Sawah",2010,"Majalah Sains dan Teknologi Dirgantara","jurnal.lapan.go.id","http://www.jurnal.lapan.go.id/index.php/majalah_sains_tekgan/article/view/9","https://scholar.google.com/scholar?cites=7380076159207028722&as_sdt=2005&sciodt=0,5&hl=en",98,"2019-07-12","","","","",,,,,7,0.78,7,1,9
4,"R Hastiana","Segmentasi Citra Digital Pembuluh Darah Mata Untuk Mendeteksi Tingkat Keparahan Diabetic Retinopathy",2010,"Skripsi, Jurusan Teknik Informatika Fakultas Sains dan …","","","https://scholar.google.com/scholar?cites=4730663087258709536&as_sdt=2005&sciodt=0,5&hl=en",99,"2019-07-12","CITATION","","","",,,,,4,0.44,4,1,9
11,"S Heranurweni","Pengenalan Wajah Menggunakan Learning Vector Quantization (LVQ)",2010,"Prosiding SNST Fakultas Teknik","publikasiilmiah.unwahas.ac.id","https://publikasiilmiah.unwahas.ac.id/index.php/PROSIDING_SNST_FT/article/view/185","https://scholar.google.com/scholar?cites=6855106289994479228&as_sdt=2005&sciodt=0,5&hl=en",100,"2019-07-12","","","","",,,,,11,1.22,11,1,9
8,"F Yulianto, MA Marfai","Model Simulasi Luapan Banjir Sungai Ciliwung di Wilayah Kampung Melayu–Bukit Duri Jakarta, Indonesia",2010,"… Jauh dan Pengolahan Data Citra Digital","jurnal.lapan.go.id","http://www.jurnal.lapan.go.id/index.php/jurnal_inderaja/article/view/1185","https://scholar.google.com/scholar?cites=125295584750942712&as_sdt=2005&sciodt=0,5&hl=en",101,"2019-07-12","","","","",,,,,8,0.89,4,2,9
4,"D Charnila, HM Manik","Pemetaan dan Klasifikasi Sedimen dengan Instrumen Side Scan Sonar di Perairan Balongan, Indramayu-Jawa Barat",2010,"Jurnal Teknologi Perikanan dan …","ilkom.journal.ipb.ac.id","http://ilkom.journal.ipb.ac.id/index.php/jtpk/article/view/16036","https://scholar.google.com/scholar?cites=14276796598503954487&as_sdt=2005&sciodt=0,5&hl=en",102,"2019-07-12","","","","",,,,,4,0.44,2,2,9
4,"IN Piarsa, R Hisamuddin","Sistem Verifikasi Online Menggunakan Biometrika Wajah",2010,"Majalah Ilmiah Teknologi Elektro","ojs.unud.ac.id","https://ojs.unud.ac.id/index.php/JTE/article/download/1772/1258","https://scholar.google.com/scholar?cites=11067659844002796724&as_sdt=2005&sciodt=0,5&hl=en",103,"2019-07-12","PDF","","","",,,,,4,0.44,2,2,9
2,"D Putra","Penskalaan",2010,"Pengolahan Citra Digital","","","https://scholar.google.com/scholar?cites=13505122727389266066&as_sdt=2005&sciodt=0,5&hl=en",104,"2019-07-12","CITATION","","","",,,,,2,0.22,2,1,9
1,"S Wasista","Sistem Pembaca Teks Bahasa Indonesia Otomatis Menggunakan Kamera Web Dengan Metode Integral Proyeksi",2010,"Industrial Electronic Seminar","repo.pens.ac.id","http://repo.pens.ac.id/48/","https://scholar.google.com/scholar?cites=18194945116554498676&as_sdt=2005&sciodt=0,5&hl=en",105,"2019-07-12","","","","",,,,,1,0.11,1,1,9
2,"S Madenda, L Hayet, I Bayu","Kompresi Citra Berwarna Menggunakan Metode Pohon Biner Huffman",2010,"Depok: Universitas Gunadarma","digilib.batan.go.id","http://digilib.batan.go.id/e-prosiding/File%20Prosiding/Informatika/lkstn/LKSTN%20Ke%2010/Sarifuddin1-.pdf","https://scholar.google.com/scholar?cites=14504961536535968407&as_sdt=2005&sciodt=0,5&hl=en",106,"2019-07-12","PDF","","","",,,,,2,0.22,1,3,9
2,"A Muntasa","Purnomo",2010,"Konsep Pengolahan Citra Digital dan Ekstraksi Fitur …","","","https://scholar.google.com/scholar?cites=5259086853616485386&as_sdt=2005&sciodt=0,5&hl=en",107,"2019-07-12","CITATION","","","",,,,,2,0.22,2,1,9
1,"R Iqbal","Klasifikasi Jenis Kendaraan Menggunakan Principal Component Analysis (PCA) dan Learning Vector Quantization(LVQ)",2010,"Tjokorda Agung BW, ST., MT, Retno Novi Dawayati S …","","","https://scholar.google.com/scholar?cites=9917046185940846708&as_sdt=2005&sciodt=0,5&hl=en",108,"2019-07-12","CITATION","","","",,,,,1,0.11,1,1,9
2,"MH Purnomo","Muntasa, Arif.“",2010,"Konsep Pengolahan Citra Digital dan Ekstraksi Fitur","","","https://scholar.google.com/scholar?cites=2218996398093909224&as_sdt=2005&sciodt=0,5&hl=en",109,"2019-07-12","CITATION","","","",,,,,2,0.22,2,1,9
1,"A Anggreani, D Putra","Sistem pengenalan kondisi sel darah merah (Erythrocyte) pada citra mikroskopis",2010,"Majalah Ilmiah Teknologi Elektro","ojs.unud.ac.id","https://ojs.unud.ac.id/index.php/JTE/article/download/3158/2261","https://scholar.google.com/scholar?cites=11790980093853972521&as_sdt=2005&sciodt=0,5&hl=en",110,"2019-07-12","PDF","","","",,,,,1,0.11,1,2,9
1,"J Saputro, E Satriyanto, E Puspita","Rancang Bangun Pengaturan Tempat Tidur Pasien Menggunakan Bahasa Isyarat Tangan",2010,"EEPIS Final Project","repo.pens.ac.id","http://repo.pens.ac.id/id/eprint/350","https://scholar.google.com/scholar?cites=10290358098514918654&as_sdt=2005&sciodt=0,5&hl=en",111,"2019-07-12","","","","",,,,,1,0.11,0,3,9
1,"IH Kartowisastro","Pengukuran Jarak Berbasiskan Stereo Vision",2010,"ComTech: Computer, Mathematics and …","journal.binus.ac.id","https://journal.binus.ac.id/index.php/comtech/article/view/2559","https://scholar.google.com/scholar?cites=13024716328803118200&as_sdt=2005&sciodt=0,5&hl=en",112,"2019-07-12","","","","",,,,,1,0.11,1,1,9
2,"R Trianto, NND Merdekawati, RPS Nugraha, DNY Astiti…","Klasifikasi Huruf Katakana dengan Metode Template Matching Correlation",2010,"","yudistira.lecture.ub.ac.id","http://yudistira.lecture.ub.ac.id/files/2014/04/KLASIFIKASI-HURUF-KATAKANA-DENGAN-METODE-TEMPLATE-MATCHING-CORRELATION.pdf","https://scholar.google.com/scholar?cites=15960154356076016600&as_sdt=2005&sciodt=0,5&hl=en",113,"2019-07-12","PDF","","","",,,,,2,0.22,0,5,9
1,"AS Afandi, P Prihandoko…","Klasifikasi Kualitas Keramik Menggunakan Metode Deteksi Tepi Laplacian of Gaussian dan Prewitt",2010,"Jurnal Ilmiah Ilmu …","repository.gunadarma.ac.id","http://repository.gunadarma.ac.id/id/eprint/1306","https://scholar.google.com/scholar?cites=5489115590730175747&as_sdt=2005&sciodt=0,5&hl=en",114,"2019-07-12","","","","",,,,,1,0.11,0,3,9
1,"SP Astuti, T Osawa, IN Merit","Mapping of Marine Plants Distributions in North Coastal Area of Sumbawa Regency Using ALOS/AVNIR-2 Data",2010,"ECOTROPHIC: Jurnal Ilmu Lingkungan …","ojs.unud.ac.id","https://ojs.unud.ac.id/index.php/ECOTROPHIC/article/view/2524","https://scholar.google.com/scholar?cites=8747199705587832808&as_sdt=2005&sciodt=0,5&hl=en",115,"2019-07-12","","","","",,,,,1,0.11,0,3,9
1,"MBR Bangun","Analisis Kinerja Metode Canny Dalam Mendeteksi Tepi Karies Gigi",2010,"","repository.usu.ac.id","http://repository.usu.ac.id/handle/123456789/22091","https://scholar.google.com/scholar?cites=15652345029794752244&as_sdt=2005&sciodt=0,5&hl=en",116,"2019-07-12","","","","",,,,,1,0.11,1,1,9
3,"D Harjunowibowo","Perangkat Lunak Deteksi Uang Palsu Berbasis LVQ Memanfaatkan Ultraviolet",2010,"Prosiding Seminar Biologi","jurnal.fkip.uns.ac.id","http://www.jurnal.fkip.uns.ac.id/index.php/prosbio/article/view/1277","https://scholar.google.com/scholar?cites=11100143441133253616&as_sdt=2005&sciodt=0,5&hl=en",117,"2019-07-12","","","","",,,,,3,0.33,3,1,9
1,"M Darussalam, R Yuniar Hakkun","Deteksi Berbasis Marker Untuk Mengambil (Capture) Gambar",2010,"EEPIS Final Project","repo.pens.ac.id","http://repo.pens.ac.id/373/","https://scholar.google.com/scholar?cites=8657823198597993444&as_sdt=2005&sciodt=0,5&hl=en",118,"2019-07-12","","","","",,,,,1,0.11,1,2,9
2,"K Firdausy, M Kholis","PURWARUPA SISTEM DETEKSI OBJEK WAKTUNYATA BERBASIS LAYANAN PESAN SINGKAT.",2010,"Telkomnika","search.ebscohost.com","http://search.ebscohost.com/login.aspx?direct=true&profile=ehost&scope=site&authtype=crawler&jrnl=16936930&asa=Y&AN=59627547&h=YNFmlXRvPey4j6O06b1zypOJTMt0iQEGYoYlAG9%2BhabTzXVWhBC2T8kKuYXOwhwmjZzom2l%2BYhbl6ft3oz59Iw%3D%3D&crl=c","https://scholar.google.com/scholar?cites=18116446443139871899&as_sdt=2005&sciodt=0,5&hl=en",119,"2019-07-12","","","","",,,,,2,0.22,1,2,9
1,"Y Rijal","Optimalisasi reduksi noise menggunakan chain-code termodifikasi pada pendeteksian wajah",2010,"CAUCHY","ejournal.uin-malang.ac.id","http://ejournal.uin-malang.ac.id/index.php/Math/article/view/1707","https://scholar.google.com/scholar?cites=14798990170972453360&as_sdt=2005&sciodt=0,5&hl=en",120,"2019-07-12","","","","",,,,,1,0.11,1,1,9
3,"A Gunawan, INS Jaya…","Quick Tecniques in Indentifying Open Area by the Use of Multi Spatial and Multidate Imageries",2010,"Jurnal Manajemen Hutan …","jagb.journal.ipb.ac.id","http://jagb.journal.ipb.ac.id/index.php/jmht/article/view/1962","https://scholar.google.com/scholar?cites=10887766428944008248&as_sdt=2005&sciodt=0,5&hl=en",121,"2019-07-12","","","","",,,,,3,0.33,1,3,9
2,"IS Tulliza, AH Tambunan…","Pengaruh Penyusutan Temu Putih (Curcuma zedoaria (Berg) Roscoe) Terhadap Karakteristik Pengeringan Lapisan Tipis",2010,"Jurnal Keteknikan …","ilkom.journal.ipb.ac.id","http://ilkom.journal.ipb.ac.id/index.php/jtep/article/view/7396","https://scholar.google.com/scholar?cites=14486959937899151978&as_sdt=2005&sciodt=0,5&hl=en",122,"2019-07-12","","","","",,,,,2,0.22,1,3,9
2,"WA Utari","Pengenalan Pola Dengan Menggunakan Metode Backpropagation Menggunakan Matlab",2010,"Skripsi Program Studi Teknik Informatika","repository.gunadarma.ac.id","http://repository.gunadarma.ac.id/735/","https://scholar.google.com/scholar?cites=6022120945047803005&as_sdt=2005&sciodt=0,5&hl=en",123,"2019-07-12","","","","",,,,,2,0.22,2,1,9
1,"B Sudarsono, A Julzarika","Uji Ketelitian Hasil Koreksi Geometrik Citra Satelit Alos Prism Dengan Hitung Perataan Kuadrat Terkecil Metode Parameter",2010,"Teknik","ejournal.undip.ac.id","https://ejournal.undip.ac.id/index.php/teknik/article/view/1746","https://scholar.google.com/scholar?cites=14176623319893304142&as_sdt=2005&sciodt=0,5&hl=en",124,"2019-07-12","","","","",,,,,1,0.11,1,2,9
3,"A Atmanegara","Aplikasi Penginderaan Jauh Dan Sig Untuk Penatagunaan Lahan Mangrove Di Kabupaten Serdang Bedagai Provinsi Sumatera Utara",2010,"","repository.usu.ac.id","http://repository.usu.ac.id/handle/123456789/7655","https://scholar.google.com/scholar?cites=9096898401913649933&as_sdt=2005&sciodt=0,5&hl=en",125,"2019-07-12","","","","",,,,,3,0.33,3,1,9
3,"I Nahib, BW Sudarmadji","Neraca dan valuasi ekonomi hutan mangrove di Kabupaten Pohuwato, Provinsi Gorontalo",2010,"MAJALAH ILMIAH GLOBE","jurnal.big.go.id","http://jurnal.big.go.id/index.php/GL/article/view/114","https://scholar.google.com/scholar?cites=15905818278194684960&as_sdt=2005&sciodt=0,5&hl=en",126,"2019-07-12","","","","",,,,,3,0.33,2,2,9
2,"T Sutanto","Kombinasi penyaring warna kulit kplisit pada bidang warna rgb dan ycbcr untuk meningkatkan akurasi sistem pendeteksi warna kulit",2010,"Program Studi Sistem Informasi, STIKOM Surabaya","core.ac.uk","https://core.ac.uk/download/pdf/35357999.pdf","https://scholar.google.com/scholar?cites=827224736270939791&as_sdt=2005&sciodt=0,5&hl=en",127,"2019-07-12","PDF","","","",,,,,2,0.22,2,1,9
1,"G Halik, S Wahyuni, A Maududie","Dampak perubahan tata guna lahan terhadap respon hidrograf banjir di Daerah Aliran Sungai Sampean Baru",2010,"Konferensi Nasional Tekknik Sipil","konteks.id","http://konteks.id/p/04-028.pdf","https://scholar.google.com/scholar?cites=14917785040100018711&as_sdt=2005&sciodt=0,5&hl=en",128,"2019-07-12","PDF","","","",,,,,1,0.11,0,3,9
6,"A Solichin","Digital Watermarking untuk Melindungi Informasi Multimedia",2010,"Budi Luhur Information Technology (BIT)","achmatim.net","http://achmatim.net/_downloads/publikasi/77583454-Digital-Watermarking-Untuk-Melindungi-Isi-Multimedia.pdf","https://scholar.google.com/scholar?cites=14948225624642346055&as_sdt=2005&sciodt=0,5&hl=en",129,"2019-07-12","PDF","","","",,,,,6,0.67,6,1,9
1,"V Siregar","The bottom substrate shallow water mapping using the quick bird satellite imagery",2010,"Jurnal Ilmu dan Teknologi Kelautan Tropis","ilkom.journal.ipb.ac.id","http://ilkom.journal.ipb.ac.id/index.php/jurnalikt/article/view/7860","https://scholar.google.com/scholar?cites=6821137262036866166&as_sdt=2005&sciodt=0,5&hl=en",130,"2019-07-12","","","","",,,,,1,0.11,1,1,9
1,"HS Utama, T Harlianto, R Kosasih","Pemanfaatan Web Cam Dengan Metoda Principal Components Untuk Sistem Presensi Karyawan Pada Komputer",2010,"TESLA Jurnal Teknik Elektro …","ced.petra.ac.id","http://ced.petra.ac.id/index.php/jte/article/view/17783","https://scholar.google.com/scholar?cites=6826302818482227373&as_sdt=2005&sciodt=0,5&hl=en",131,"2019-07-12","","","","",,,,,1,0.11,0,3,9
1,"DJSH Siregar, M Kom","MEDIA PEMBELAJARAN BERBASIS MULTIMEDIA MATA KULIAH DESIGN PUBLISHING DI STMIK WIDYA PRATAMA PEKALONGAN",2010,"","jurnal.stmik-wp.ac.id","https://jurnal.stmik-wp.ac.id/files/disk1/1/ictech--dickejshsi-1-1-1ictech-n.pdf","https://scholar.google.com/scholar?cites=13314467746969428795&as_sdt=2005&sciodt=0,5&hl=en",132,"2019-07-12","PDF","","","",,,,,1,0.11,1,2,9
1,"RP Jenie","Software Development for Black Tea's Physical Variable and Quality Class Relationship Analyzing Using Correlation Adaptive Vis. Pat. Recognition Artificial Neural …",2010,"2010 Second International Conference on Advances …","ieeexplore.ieee.org","https://ieeexplore.ieee.org/abstract/document/5675851/","https://scholar.google.com/scholar?cites=3158727553511550921&as_sdt=2005&sciodt=0,5&hl=en",133,"2019-07-12","","","","",,,,,1,0.11,1,1,9
1,"A Sa'ad, S Sabiham, A Sutandi…","Perubahan Penggunaan Lahan Pasang Surut Setelah Reklamasi Di Delta Berbak, Jambi",2010,"Jurnal …","online-journal.unja.ac.id","http://online-journal.unja.ac.id/index.php/hidrolitan/article/view/464","https://scholar.google.com/scholar?cites=10550039494340909136&as_sdt=2005&sciodt=0,5&hl=en",134,"2019-07-12","","","","",,,,,1,0.11,0,4,9
1,"E Sudarmilah","Sistem Pelacakan Wajah Metode Haar",2010,"","publikasiilmiah.ums.ac.id","https://publikasiilmiah.ums.ac.id/xmlui/handle/11617/2106","https://scholar.google.com/scholar?cites=8308274891653899424&as_sdt=2005&sciodt=0,5&hl=en",135,"2019-07-12","","","","",,,,,1,0.11,1,1,9
1,"C Satriatama, IU Nadhori, M Huda","Implementasi dan Analisa Teknik Steganografi Multi-carrier pada file multimedia",2010,"EEPIS Final Project","repo.pens.ac.id","http://repo.pens.ac.id/id/eprint/606","https://scholar.google.com/scholar?cites=10536821629833096434&as_sdt=2005&sciodt=0,5&hl=en",136,"2019-07-12","","","","",,,,,1,0.11,0,3,9
3,"M Arief","Inventarisasi sumber daya alam pesisir dan laut dengan menggunakan data satelit landsat studi kasus: kabupaten Maluku Tenggara",2010,"Majalah Sains dan Teknologi Dirgantara","jurnal.lapan.go.id","http://www.jurnal.lapan.go.id/index.php/majalah_sains_tekgan/article/view/422","https://scholar.google.com/scholar?cites=17906925725514738384&as_sdt=2005&sciodt=0,5&hl=en",137,"2019-07-12","","","","",,,,,3,0.33,3,1,9
0,"A Afdal","Pengembangan Perangkat Lunak Pengolahan Citra Untuk Penentuan Sifat Fisis Batuan",2010,"JURNAL ILMU FISIKA| UNIVERSITAS ANDALAS","jif.fmipa.unand.ac.id","http://jif.fmipa.unand.ac.id/index.php/jif/article/view/42","",138,"2019-07-12","","","","",,,,,0,0.00,0,1,9
0,"U Ahmad, IDM Subrata, S Annas","Pengembangan Alogaritma Pengolahan Citra untuk Menghindari Rintangan pada Traktor Tanpa Awak",2010,"Jurnal Keteknikan …","ilkom.journal.ipb.ac.id","http://ilkom.journal.ipb.ac.id/index.php/jtep/article/view/7374","",139,"2019-07-12","","","","",,,,,0,0.00,0,3,9
0,"E Ardhianto, S Munawaroh, A Prihandono","PENGOLAHAN CITRA DIGITAL IDENTIFIKASI SIDIKJARI BERBASIS MINUTIAE",2010,"","eprints.unisbank.ac.id","http://eprints.unisbank.ac.id/1901/","",140,"2019-07-12","","","","",,,,,0,0.00,0,3,9
0,"MT KURNIAWAN","IDENTIFIKASI JENIS KENDARAAN BERBASIS WEBCAM DAN PENGOLAHAN CITRA DIGITAL MENGGUNAKAN METODE TEMPLATE MATCHING",2010,"","repository.telkomuniversity.ac.id","https://repository.telkomuniversity.ac.id/pustaka/93017/identifikasi-jenis-kendaraan-berbasis-webcam-dan-pengolahan-citra-digital-menggunakan-metode-template-matching.html","",141,"2019-07-12","","","","",,,,,0,0.00,0,1,9
0,"NU Sam","Pembuatan aplikasi pembelajaran ajaran materi pengolahan citra dengan menggunakan teknik konvolusi berbasis Multimedia: studi kasus program studi teknik …",2010,"","repository.uinjkt.ac.id","http://repository.uinjkt.ac.id/dspace/handle/123456789/876","",142,"2019-07-12","","","","",,,,,0,0.00,0,1,9
0,"W Marlia","PENGENALAN KARAKTER ANGKA DARI SEGMENTASI CITRA PLAT NOMOR KENDARAAN DENGAN METODE SOMs",2010,"","eprints.mdp.ac.id","http://eprints.mdp.ac.id/499/","",143,"2019-07-12","","","","",,,,,0,0.00,0,1,9
0,"R RINTO, M JONATHAN, S STEVEN","KLASTERISASI OTOMATIS CITRA SEL TANAMAN DENGAN MENGGUNAKAN FITUR MORFOLOGI",2010,"","eprints2.binus.ac.id","http://eprints2.binus.ac.id/4977/1/2010-1-00265-IF-Abstrak.pdf","",144,"2019-07-12","","","","",,,,,0,0.00,0,3,9
0,"T Hidayat","REKAYASA PERANGKAT LUNAK UNTUK PERBAIKAN KUALITAS CITRA RADIOGRAFI SINAR-X MENGGUNAKAN MATLAB 7.3. 0 (R2006b)",2010,"","eprints.undip.ac.id","http://eprints.undip.ac.id/19220/","",145,"2019-07-12","","","","",,,,,0,0.00,0,1,9
0,"S Supurwoko, S Sarwanto","Deteksi Sisi Citra Tomografi Sinar–X Menggunakan Operator Laplace",2010,"Prosiding Seminar Biologi","jurnal.fkip.uns.ac.id","http://www.jurnal.fkip.uns.ac.id/index.php/prosbio/article/view/1261","",146,"2019-07-12","","","","",,,,,0,0.00,0,2,9
0,"ASA Nasution","Teknik Penyembunyian Citra Digital Pada File Video Dengan Metode End Of File",2010,"","repository.usu.ac.id","http://repository.usu.ac.id/handle/123456789/19150","",147,"2019-07-12","","","","",,,,,0,0.00,0,1,9
0,"A Kumaidi","PENGEMBANGAN APLIKASI UNTUK PERBAIKAN CITRA DIGITAL FILM RADIOGRAFI TULANG TANGAN",2010,"","eprints.unisbank.ac.id","http://eprints.unisbank.ac.id/702/","",148,"2019-07-12","","","","",,,,,0,0.00,0,1,9
0,"C Annisa","Deteksi tepi citra kanker kulit menggunakan metode laplacian of gaussian",,"repository.uinjkt.ac.id","","http://repository.uinjkt.ac.id/dspace/handle/123456789/2158","",149,"2019-07-12","","","","",,,,,0,0.00,0,1,
0,"I Supriyanto, AB Cahyono","UPDATING PETA RBI PURWODADI KABUPATEN GROBOGAN MENGGUNAKAN CITRA SATELIT ALOS",,"researchgate.net","","https://www.researchgate.net/profile/Agung_B_Cahyono/publication/316600549_Updating_Peta_RBI_Purwodadi_Kabupaten_Grobogan_Menggunakan_Citra_Satelit_ALOS_Studi_Kasus_RBI_Lembar_1408-644/links/5a2e252daca2728e05e2fc57/Updating-Peta-RBI-Purwodadi-Kabupaten-Grobogan-Menggunakan-Citra-Satelit-ALOS-Studi-Kasus-RBI-Lembar-1408-644.pdf","",150,"2019-07-12","PDF","","","",,,,,0,0.00,0,2,
0,"LOK ASHAR","Aplikasi citra landsat-7 etm+ dan sistem informasi geografis dalam survei dan pemetaan bitumen padat",2010,"","etd.repository.ugm.ac.id","http://etd.repository.ugm.ac.id/index.php?mod=penelitian_detail&sub=PenelitianDetail&act=view&typ=html&buku_id=47959","",151,"2019-07-12","","","","",,,,,0,0.00,0,1,9
0,"MB Selamat","Evaluasi Citra Quickbird untuk Pemetaan Batimetri Gobah",2010,"","103.195.142.17","http://103.195.142.17/handle/123456789/2387","",152,"2019-07-12","","","","",,,,,0,0.00,0,1,9
0,"WOSN ALAM","Evaluasi feature citra termografi kanker payudara dengan metode fraktal",2010,"","etd.repository.ugm.ac.id","http://etd.repository.ugm.ac.id/index.php?mod=penelitian_detail&sub=PenelitianDetail&act=view&typ=html&buku_id=46254","",153,"2019-07-12","","","","",,,,,0,0.00,0,1,9
0,"I Indarto, A Faisol","Identifikasi Dan Klasifikasi Peruntukan Lahan Menggunakan Citra Aster (Landuse Identification and Classification Using Aster Multispectral Data)",2010,"Media Teknik Sipil","jurnalmanajemen.petra.ac.id","http://jurnalmanajemen.petra.ac.id/index.php/mts/article/view/17798","",154,"2019-07-12","","","","",,,,,0,0.00,0,2,9
0,"MM Arief, A YOGYAKARTA","Aplikasi Pengolahan Data dan Absensi Karyawan dengan Metode Pencitraan Digital Pada Djongnesia Advertising Network",2010,"","repository.amikom.ac.id","http://repository.amikom.ac.id/files/PUBLIKASI_07.12.2054.pdf","",155,"2019-07-12","PDF","","","",,,,,0,0.00,0,2,9
0,"A Hernandi, DM Hakim","Pencarian Titik Kontrol Secara Otomatis Menggunakan Metode Pencocokan Citra (Image Matching) Untuk Koreksi Geometrik1",,"Documentation Teknik Geodesi","eprints.undip.ac.id","http://eprints.undip.ac.id/21581/","",156,"2019-07-12","","","","",,,,,0,0.00,0,2,
0,"P Digdoyo, R Gonydjaja…","Penyisipan Watermark Pada Citra Grayscale Berbasis SVD",2010,"Jurnal Ilmiah Program …","repository.gunadarma.ac.id","http://repository.gunadarma.ac.id/1046/","",157,"2019-07-12","","","","",,,,,0,0.00,0,3,9
0,"FF Setiawan","FILTER BANDPASS DAN BANDSTOP UNTUK MENURUNKAN NOISE PADA CITRA MENGGUNAKAN DELPHI 7.0",2010,"","eprints.undip.ac.id","http://eprints.undip.ac.id/25135/1/BAB_abstrak_bab_1_dan_2.pdf","",158,"2019-07-12","PDF","","","",,,,,0,0.00,0,1,9
0,"M Budianto","RANCANG BANGUN APLIKASI UNTUK MENTRANSFER WARNA DARI CITRA YANG BERWARNA KE CITRA GRAYSCALE DENGAN METODE GLOBAL IMAGE …",2010,"","repository.uin-suska.ac.id","http://repository.uin-suska.ac.id/10855/","",159,"2019-07-12","","","","",,,,,0,0.00,0,1,9
0,"Y Rafsyam, J Jonifan","SEGMENTASI CITRA USG KISTA OVARIUM SECARA OTOMATIS MENGGUNAKAN VISUAL BASIC",2010,"Proceedings NCIEE","repository.gunadarma.ac.id","http://repository.gunadarma.ac.id/id/eprint/1204","",160,"2019-07-12","","","","",,,,,0,0.00,0,2,9
0,"C DAN","PENENTUAN JENIS CACAT BIJI KOPI DENGAN PENGOLAHAN",,"","","","",161,"2019-07-12","CITATION","","","",,,,,0,0.00,0,1,
0,"M Natsir","PENAJAMAN INFORMASI OBYEK PERMUKAAN BUMI DENGAN FUSI CITRA PENGINDERAAN JAUH BERDASARKAN WAVELET",2010,"Majalah Sains dan Teknologi Dirgantara","jurnal.lapan.go.id","http://www.jurnal.lapan.go.id/index.php/majalah_sains_tekgan/article/view/468","",162,"2019-07-12","","","","",,,,,0,0.00,0,1,9
0,"RDI Putri, K Usman, AT Wibowo","… SISTEM PENGHITUNG DAN PENGIDENTIFIKASI PANJANG ANTRIAN PADA LAMPU LALU LINTAS DENGAN METODE PENGOLAHAN CITRA DIGITAL",2010,"… LINTAS DENGAN METODE PENGOLAHAN CITRA …","","","",163,"2019-07-12","CITATION","","","",,,,,0,0.00,0,3,9
0,"BBDANUS WARNA","… KEMATANGAN BUAH TOMAT BERDASARKAN BENTUK DAN UKURAN SERTA WARNA PERMUKAAN KULIT BUAH BERBASIS PENGOLAHAN CITRA …",,"","","","",164,"2019-07-12","CITATION","","","",,,,,0,0.00,0,1,
0,"RH Sianturi, A Rizal, K Usman","DETEKSI DAN KLASIFIKASI PENYAKIT LEPRA MENGGUNAKAN PENGOLAHAN CITRA DIGITAL",,"","","","",165,"2019-07-12","CITATION","","","",,,,,0,0.00,0,3,
0,"SC Susanto, B Setiawan, E Widyarto","PERANCANGAN PENGATURAN SISTEM TRAFFIC LIGHT DENGAN CCTV DINAMIS: DETEKSI KEPADATAN JALAN DENGAN CITRA DIGITAL PADA MAKET …",,"core.ac.uk","","https://core.ac.uk/download/pdf/12342453.pdf","",166,"2019-07-12","PDF","","","",,,,,0,0.00,0,3,
0,"W Marnala Berlian, ST Koredianto Usman…","SIMULASI DAN ANALISIS SITEM PENGHITUNG KEPADATAN LALU LINTAS BERBASIS KAMERA DIGITAL DAN PENGOLAHAN CITRA DIGITAL",,"","","","",167,"2019-07-12","CITATION","","","",,,,,0,0.00,0,3,
0,"J Siswantoro","Automatic Gridding Citra Microarray dengan Menggunakan Image Thresholding",2010,"","repository.ubaya.ac.id","http://repository.ubaya.ac.id/id/eprint/31880","",168,"2019-07-12","","","","",,,,,0,0.00,0,1,9
0,"Z Chaedir","Pengenalan Huruf Dan Angka Pada Citra Bitmap Dengan Jaringan Saraf Tiruan Metode Propagasi Balik",,"None","repository.amikom.ac.id","http://repository.amikom.ac.id/files/Publikasi_05.11.0999.pdf","",169,"2019-07-12","PDF","","","",,,,,0,0.00,0,1,
0,"KMT HS, ST Koredianto Usman","DESAIN SISTEM DOKUMENTASI TUGAS AKHIR OTOMATIS BERBASIS PENGOLAHAN CITRA DIGITAL HASIL AKUISISI WEBCAM DENGAN …",,"","","","",170,"2019-07-12","CITATION","","","",,,,,0,0.00,0,2,
0,"OD Nurhayati","MULTIMEDIA PEMBENTUKAN CITRA (Pertemuan 3)",2010,"","eprints.undip.ac.id","http://eprints.undip.ac.id/20108/1/Multi_pert3.pdf","",171,"2019-07-12","PDF","","","",,,,,0,0.00,0,1,9
0,"E Maria","DESAIN DAN IMPLEMENTASI ALGORITMA THINNING PARALEL UNTUK PENGOLAHAN CITRA",2010,"AITI","","","",172,"2019-07-12","CITATION","","","",,,,,0,0.00,0,1,9
0,"IS Kuncoro","IDENTIFIKASI MORFOLOGI KETIMUN JEPANG MENGGUNAKAN METODE PENGOLAHAN CITRA",2010,"","","","",173,"2019-07-12","CITATION","","","",,,,,0,0.00,0,1,9
0,"DM Mashury, YN Wijayanto","RANCANG BANGUN PERANGKAT LUNAK CITRA RADAR",,"","","","",174,"2019-07-12","CITATION","","","",,,,,0,0.00,0,2,
0,"U Ahmad, IDM Subrata, S Gunayanti","JurnaC KETEKNIKAN PERTANIAN",,"","","","",175,"2019-07-12","CITATION","","","",,,,,0,0.00,0,3,
0,"E Triawati, A Situmeang, A Alde","Implementasi Frame Relay Dan Voice Over Frame Relay (vofr) Dengan Menggunakan Perangkat Frad Act Sdm-9350 DI Pt Citra Sari Makmur",2010,"The First National …","repository.gunadarma.ac.id","http://repository.gunadarma.ac.id/id/eprint/359","",176,"2019-07-12","","","","",,,,,0,0.00,0,3,9
0,"E Nurraharjo","Klasifikasi kematangan buah mangga harum manis berdasarkan digital number (DN) of RGB",2010,"","etd.repository.ugm.ac.id","http://etd.repository.ugm.ac.id/index.php?mod=book_detail&sub=BookDetail&act=view&typ=htmlext&buku_id=45171&obyek_id=4&unitid=1&jenis_id=","",177,"2019-07-12","","","","",,,,,0,0.00,0,1,9
0,"C DAUN","PENGKLASIFIKASIAN SANSEVIERIA MENGGUNAKAN ANALISIS STRUKTUR DENGAN METODE JST–SOM PADA",,"","","","",178,"2019-07-12","CITATION","","","",,,,,0,0.00,0,1,
0,"B Vidianto, F Ardila, RY Hakkun…","Penjejakan Objek Dengan NeuroFuzzy",2010,"EEPIS Final …","repo.pens.ac.id","http://repo.pens.ac.id/729/","",179,"2019-07-12","","","","",,,,,0,0.00,0,4,9
0,"MSBAK CITRA","IDENTIFIKASI TUMOR PADA JARINGAN SEKITAR TULANG DAN PARU-PARU",,"elektro.undip.ac.id","","http://www.elektro.undip.ac.id/el_kpta/wp-content/uploads/2012/05/L2F303460_MTA.pdf","",180,"2019-07-12","PDF","","","",,,,,0,0.00,0,1,
0,"J Manalu","Klasifikasi Citra Penginderaan Jauh Menggunakan Teknik Logika Samar (Fuzzy Logic)",2010,"Warta LAPAN","","","",181,"2019-07-12","CITATION","","","",,,,,0,0.00,0,1,9
0,"N Mahasiswa, GP Cahyono","SISTEM PENGENALAN BARCODE MENGGUNAKAN JARINGAN SYARAF TIRUAN LEARNING VECTOR QUANTIZATION",,"","","","",182,"2019-07-12","CITATION","","","",,,,,0,0.00,0,2,
0,"A Rosyidin","Aplikasi Pendeteksian Kematangan Buah Pepaya Menggunakan Teknik Segmentasi Warna",2010,"SKRIPSI Jurusan Teknik Elektro-Fakultas Teknik …","karya-ilmiah.um.ac.id","http://karya-ilmiah.um.ac.id/index.php/TE/article/view/8237","",183,"2019-07-12","","","","",,,,,0,0.00,0,1,9
0,"MH Dwiadi","PENGENALAN BILANGAN ARAB MENGGUNAKAN TEMPLATE MATCHING",2010,"PENGENALAN BILANGAN ARAB MENGGUNAKAN …","","","",184,"2019-07-12","CITATION","","","",,,,,0,0.00,0,1,9
0,"A Sugiharto","Efek Parameter Quality Pada Kompresi Jpeg Terhadap Kualitas Citra Digital Dan Rasio Kompresi",,"JURNAL MASYARAKAT INFORMATIKA","ejournal.undip.ac.id","https://ejournal.undip.ac.id/index.php/jmasif/article/view/73","",185,"2019-07-12","","","","",,,,,0,0.00,0,1,
0,"Q Aini","Analisis dan perancangan aplikasi steganografi pada citra digital menggunakan metode LSB)(Least Significant Bit)",2010,"","repository.uinjkt.ac.id","http://repository.uinjkt.ac.id/dspace/handle/123456789/2021","",186,"2019-07-12","","","","",,,,,0,0.00,0,1,9
0,"Y Yusuf, N Ramdijanti, S Setiawardhana","Pembuatan Game Puzzle dengan Gerakan Tangan dan Perintah Suara",2010,"EEPIS Final Project","repo.pens.ac.id","http://repo.pens.ac.id/670/","",187,"2019-07-12","","","","",,,,,0,0.00,0,3,9
1,"A Julzarika","TEKNIK PEMODELAN 3D CITRA SATELIT LAPAN TUBSAT DENGAN VIDEOGRAMMETRI (Studi Kasus: Gunung Semeru)",2010,"Widyariset","pusbindiklat.lipi.go.id","http://pusbindiklat.lipi.go.id/widyariset/index.php/widyariset/article/view/183","https://scholar.google.com/scholar?cites=2297416994893157074&as_sdt=2005&sciodt=0,5&hl=en",188,"2019-07-12","","","","",,,,,1,0.11,1,1,9
0,"YW Adji, A Susanto, I Soesanti","PENGUKUR BAJU VIA WEBCAM DENGAN LabView",2010,"JURNAL PENELITIAN TEKNIK …","i-lib.ugm.ac.id","http://i-lib.ugm.ac.id/jurnal/detail.php?dataId=12062","",189,"2019-07-12","","","","",,,,,0,0.00,0,3,9
0,"TRI BUDILAKSONO, R SUSETYOKO…","Prototype Sistem Pengendalian Kualitas Level Isi Pada Produk Minuman Kemasan Dalam Botol",2010,"EEPIS Final …","repo.pens.ac.id","http://repo.pens.ac.id/id/eprint/275","",190,"2019-07-12","","","","",,,,,0,0.00,0,3,9
0,"MH Chabibie, B Setiyono","MAKALAH SEMINAR TUGAS AKHIR IDENTIFIKASI GEGAR OTAK MANUSIA MENGGUNAKAN PENCOCOKAN MODEL (TEMPLATE MATCHING)",,"elektro.undip.ac.id","","http://www.elektro.undip.ac.id/el_kpta/wp-content/uploads/2012/05/L2F098635_MTA.pdf","",191,"2019-07-12","PDF","","","",,,,,0,0.00,0,2,
0,"ADEDWI WIJAYANTO","RANCANG BANGUN SISTEM MONITORING VEGETATION INDEX (VI) BERBIAYA RENDAH DENGAN METODE NORMALIZED DIFFERENCE …",2010,"","","","",192,"2019-07-12","CITATION","","","",,,,,0,0.00,0,1,9
0,"A Darmawan, AD Saptani","Perbandingan Metode Pergeseran Rata-Rata, Pergeseran Logaritma, dan Alpha Blending Dalam Proses Metamorfosis dari Dua Gambar Dijital",2010,"Maranatha Electrical Engineering Journal","neliti.com","https://www.neliti.com/publications/147540/perbandingan-metode-pergeseran-rata-rata-pergeseran-logaritma-dan-alpha-blending","",193,"2019-07-12","","","","",,,,,0,0.00,0,2,9
0,"AJ Santoso, LE Nugroho, GB Suparta","Pemampatan Citra Warna Menggunakan 31 Fungsi Gelombang-Singkat",2010,"","","","",194,"2019-07-12","CITATION","","","",,,,,0,0.00,0,3,9
0,"AA Wirjono","Enkripsi dan Dekripsi Data Menggunakan Garis Telapak Tangan",2010,"Jurnal Ilmiah Program Studi Teknik Informatika","core.ac.uk","https://core.ac.uk/download/pdf/143964270.pdf","",195,"2019-07-12","PDF","","","",,,,,0,0.00,0,1,9
0,"SE TS, N Sholihah","Penerapan Teknik Digital Watermarking untuk perlindungan Citra Digital BITMAP IMAGE dengan metode LSB dan MDS",2010,"DINAMIKA DOTCOM","ejurnal.stimata.ac.id","http://ejurnal.stimata.ac.id/index.php/DINAMIKA/article/view/26","",196,"2019-07-12","","","","",,,,,0,0.00,0,2,9
0,"H WIDYARTA, DA LANSKAP","IDENTIFIKASI KARAKTERISTIK RUANG TERBUKA HIJAU PADA",,"","","","",197,"2019-07-12","CITATION","","","",,,,,0,0.00,0,2,
0,"M Solahudin, KB Seminar, IW Astika…","Pendeteksian Kerapatan dan Jenis Gulma dengan Metode Bayes dan Analisis Dimensi Fraktal untuk Pengendalian Gulma Secara Selektif",2010,"Jurnal Keteknikan …","jurnal.ipb.ac.id","http://jurnal.ipb.ac.id/index.php/jtep/article/view/7394","",198,"2019-07-12","","","","",,,,,0,0.00,0,4,9
0,"E Alfansyuri","Pengelolaan Penghalang (Obstacle) Bandara dengan Sistem Informasi Geografis pada Bandara Internasional Minangkabau Padang Obstacle Airport Management …",2010,"POLI REKAYASA","repo.polinpdg.ac.id","http://repo.polinpdg.ac.id/469/","",199,"2019-07-12","","","","",,,,,0,0.00,0,1,9
0,"BM Sukojo","Mapping of Ecosystems in Mount Bromo Using Remote Sensing Technology",2010,"Makara Journal of Technology","journal.ui.ac.id","http://journal.ui.ac.id/technology/index.php/journal/article/view/66","",200,"2019-07-12","","","","",,,,,0,0.00,0,1,9
0,"IGP Witraguna, TAB Wirayuda, RN Dayawati","Analisis dan Implementasi Pengenalan Huruf Bali Menggunakan Algoritma Berbasis Vertex Chain Code dan Sequence Alignment",,"","","","",201,"2019-07-12","CITATION","","","",,,,,0,0.00,0,3,
0,"R Agustina, AM Adiwijaya","TEKNIK WATERMARKING MENGGUNAKAN AMBTC DAN IWT UNTUK PENDETEKSIAN DAN PERBAIKAN CITRA DIGITAL TERMANIPULASI",2010,"Jurnal …","adiwijaya.staff.telkomuniversity.ac.id","https://adiwijaya.staff.telkomuniversity.ac.id/files/2013/07/JFA-b-11.pdf","",202,"2019-07-12","PDF","","","",,,,,0,0.00,0,2,9
0,"BM Sukojo, D Susilowati","Application of Remote Sensing and Geographic Information System Methods for Land Using Difference",2010,"Makara Journal of Technology","journal.ui.ac.id","http://journal.ui.ac.id/index.php/technology/article/view/150","",203,"2019-07-12","","","","",,,,,0,0.00,0,2,9
0,"S Tena","IMAGE ENHANCEMENT MENGGGUNAKAN METODE LINEAR FILTERING DAN STATIONARY WAVELET TRANSFORM",,"Majalah Ilmiah Teknologi Elektro","ojs.unud.ac.id","https://ojs.unud.ac.id/index.php/JTE/article/view/1608","",204,"2019-07-12","","","","",,,,,0,0.00,0,1,
0,"HP Kristiawan, D CH","RANCANG BANGUN PENGECEKAN LOGO HASIL STEMPEL PADA MESIN EMBOSS PABRIK SEPATU"" ECCO"" SIDOARJO MENGGUNAKAN METODE …",2010,"EEPIS Final Project","repo.pens.ac.id","http://repo.pens.ac.id/343/","",205,"2019-07-12","","","","",,,,,0,0.00,0,2,9
0,"S Waluyo, H Fitnawan","SIFAT—SIFAT FISIK BUAH NENAS PADA BERBAGAI UMUR PETIK DAN LAMA PENYIMPANAN",2010,"","","","",206,"2019-07-12","CITATION","","","",,,,,0,0.00,0,2,9
0,"ARI HARYATI","PERANCANGAN DAN PEMBUATAN VOICE RECOGNITION UNTUK MEMBANTU ANAK ANAK DALAM BELAJAR MENGENAL KAMUS BERGAMBAR DENGAN …",2010,"","digilib.stikom.edu","http://digilib.stikom.edu/detil.php?id=1210","",207,"2019-07-12","","","","",,,,,0,0.00,0,1,9
0,"G Sitanggang","SISTEM PENGINDERAAN JAUH SATELIT-MIKRO RAZAKSAT DAN ANALISIS PEMANFAATAN DATA",2010,"Berita Dirgantara","jurnal.lapan.go.id","http://jurnal.lapan.go.id/index.php/berita_dirgantara/article/view/1163","",208,"2019-07-12","","","","",,,,,0,0.00,0,1,9
0,"E Murniyanto, Z Hidayah…","ANALISIS BIOFISIK KAWASAN JEMBATAN NASIONAL SURAMADU SISI MADURA BERBASIS SISTEM INFORMASI GEOGRAFIS DAN PENGINDERAAN JAUH …",2010,"Agrovigor: Jurnal …","mediatrend.trunojoyo.ac.id","http://mediatrend.trunojoyo.ac.id/agrovigor/article/view/254","",209,"2019-07-12","","","","",,,,,0,0.00,0,3,9
0,"N Suwargana, VP Siregar","ANALISIS KESESUAIAN LAHAN TAMBAK KONVENSIONAL MELALUI UJI KUALITAS LAHAN DAN PRODUKSI DENGAN BANTUAN DATA PENGINDERAAN JAUH …",2010,"Jurnal Penginderaan Jauh dan …","103.16.223.27","http://103.16.223.27/index.php/jurnal_inderaja/article/view/495","",210,"2019-07-12","","","","",,,,,0,0.00,0,2,9
0,"N Nuryuliani, LC Munggaran…","PENGKODEAN BENTUK SEGMEN MENGGUNAKAN KODE RANTAI SEBAGAI DASAR PENGENALAN BENTUK KARAKTER TULISAN TANGAN SECARA ON-LINE",2010,"… and Research in …","repository.gunadarma.ac.id","http://repository.gunadarma.ac.id/299/","",211,"2019-07-12","","","","",,,,,0,0.00,0,3,9
0,"NG PNG, J Photograpic","II. DASAR TEORI",,"elektro.undip.ac.id","","http://www.elektro.undip.ac.id/el_kpta/wp-content/uploads/2012/05/L2F202001_MTA.pdf","",212,"2019-07-12","PDF","","","",,,,,0,0.00,0,2,
0,"F Frediansah, SN Endah","PENGGOLONGAN WARNA DALAM ITTEN RUNGE SPHERE DENGAN SISTEM INFERENSI FUZZY",2010,"Prosiding Seminar Nasional Ilmu …","eprints.undip.ac.id","http://eprints.undip.ac.id/33575/","",213,"2019-07-12","","","","",,,,,0,0.00,0,2,9
0,"D Handayani","Kurikulum Program Studi Teknik Informatika",2010,"Kurikulum Program Studi Teknik Informatika","eprints.unisbank.ac.id","http://eprints.unisbank.ac.id/1/1/kurikulumti.pdf","",214,"2019-07-12","","","","",,,,,0,0.00,0,1,9
0,"YAN FIRMANSYAH","PROSES SORTING BUAH DENGAN MENGGUNAKAN WEBCAM",2010,"","digilib.stikom.edu","http://digilib.stikom.edu/detil.php?id=961","",215,"2019-07-12","HTML","","","",,,,,0,0.00,0,1,9
0,"P Musa, M Lamsani","Rancang Bai\Gt] N Pengehidali Pintu Automatis Berdasarkaii Ciri Wajah Menggunakan Metode Euclideai\Distai\Tce Dai\[Fuzzy C-Mean",2010,"","Universitas Gunadarma","","",216,"2019-07-12","CITATION","","","",,,,,0,0.00,0,2,9
0,"AC Utama, D Pramadihanto","FILTERING GAMBAR DAN VIDEO PORNO PADA JARINGAN",,"EEPIS Final Project","repo.pens.ac.id","http://repo.pens.ac.id/701/","",217,"2019-07-12","","","","",,,,,0,0.00,0,2,
0,"SF Nugroho","FAKULTAS MATEMATIKA DAN ILMU PENGETAHUAN ALAM UNIVERSITAS SEBELAS MARET SURAKARTA",,"digilib.uns.ac.id","","https://digilib.uns.ac.id/dokumen/download/13649/MjgzMTQ=/Pemampatan-citra-dengan-menggunakan-metode-pemampatan-kuantisasi-abstrak.pdf","",218,"2019-07-12","PDF","","","",,,,,0,0.00,0,1,
0,"PN Anda","SEKOLAH TINGGI MANAJEMEN INFORMASI DAN KOMPUTER",,"repository.amikom.ac.id","","http://repository.amikom.ac.id/files/Publikasi_06.11.1175.pdf","",219,"2019-07-12","PDF","","","",,,,,0,0.00,0,1,
0,"DP Radiograph","SEGMENTASI CITRA MEDIS DENGAN ALGORITMA DETEKSI TEPI KONTUR BERBASIS PELACAKAN TARGET SECARA DINAMIS",,"researchgate.net","","https://www.researchgate.net/profile/Anny_Yuniarti/publication/228408578_SEGMENTASI_CITRA_MEDIS_DENGAN_ALGORITMA_DETEKSI_TEPI_KONTUR_BERBASIS_PELACAKAN_TARGET_SECARA_DINAMIS/links/0c960518c67ed19fc0000000.pdf","",220,"2019-07-12","PDF","","","",,,,,0,0.00,0,1,
0,"A Dermawan, ST Koredianto Usman, MA Murti","DESAIN DAN IMPLEMENTASI PERANGKAT LUNAK PROTOTYPE SISTEM TRACKING GERAKAN OBJEK SEDERHANA 3D MENGGUNAKAN 2 …",,"","","","",221,"2019-07-12","CITATION","","","",,,,,0,0.00,0,3,
0,"I Inwijayati, P Prihandoko…","Identiﬁkasi Ciri Kain Menggunakan Fitur Tekstur dan Gray Level Difference Method",,"Jurnal Ilmiah Ilmu …","repository.gunadarma.ac.id","http://repository.gunadarma.ac.id/1300/","",222,"2019-07-12","","","","",,,,,0,0.00,0,3,
0,"RW Purnamaningsih, D Andiani","The Use of 2D Plastic Grating for Surface Profile and Dimension Manufacture Product Measurements by Using NDT Moiré Technique",2010,"Makara Journal of Technology","journal.ui.ac.id","http://journal.ui.ac.id/technology/journal/article/view/106","",223,"2019-07-12","","","","",,,,,0,0.00,0,2,9
0,"A Indrati, S Madenda…","Representasi Bentuk Tumor Payudara Dengan Kode Rantai",2010,"… on Application and …","repository.gunadarma.ac.id","http://repository.gunadarma.ac.id/id/eprint/306","",224,"2019-07-12","","","","",,,,,0,0.00,0,3,9
0,"F Rumaisa, T Nurafianti","SISTEM PENDUKUNG KEPUTUSAN KELULUSAN BEASISWA UNTUK SISWA TIDAK MAMPU",2010,"","repository.widyatama.ac.id","https://repository.widyatama.ac.id/xmlui/handle/123456789/3599","",225,"2019-07-12","","","","",,,,,0,0.00,0,2,9
0,"A Asra, BW Tjokorda Agung, R Novi","Analisis dan Implementasi Image Retrieval Menggunakan Sorted Wavelet Histogram",,"","","","",226,"2019-07-12","CITATION","","","",,,,,0,0.00,0,3,
0,"D Dirgahayu","ANALIIS SPASIAL KONVERSI LAHAN SAWAH DI KABUPATEN BEKASI (STUDI KASUS DI KECAMATAN CIBITUNG DAN TAMBUN)",2010,"Jurnal Penginderaan Jauh dan Pengolahan Data …","103.16.223.27","http://103.16.223.27/index.php/jurnal_inderaja/article/view/480","",227,"2019-07-12","","","","",,,,,0,0.00,0,1,9
0,"MM Ul-Haq, BW Tjokorda Agung, S Violina","Implementasi dan Analisis Blind Watermarking Citra Digital dengan Skema CDMA pada Domain Wavelet",2010,"","Bandung: Institut Teknologi Telkom","","",228,"2019-07-12","CITATION","","","",,,,,0,0.00,0,3,9
0,"ADI NUGROHO","EKSTRAKSI FITUR BOUNDARY REGION UNTUK UANG LOGAM",2010,"","eprints.unisbank.ac.id","http://eprints.unisbank.ac.id/667/","",229,"2019-07-12","","","","",,,,,0,0.00,0,1,9
0,"S Suprijanto, F Muchtadi, I Setiawan","Semi-Automatic Image Segmentation for Volumetric Visualization of Pelvis CT Scan-Images",2010,"Makara Journal of Technology","journal.ui.ac.id","http://journal.ui.ac.id/technology/journal/article/view/469","",230,"2019-07-12","","","","",,,,,0,0.00,0,3,9
0,"A Kusumaningtyas, SS Adiwijaya, TABW MSi","KOMPRESI CITRA DIGITAL MENGGUNAKAN PENDEKATAN FRAKTAL DENGAN MENERAPKAN METODE QUADTREE PARTITIONING",,"","","","",231,"2019-07-12","CITATION","","","",,,,,0,0.00,0,3,
0,"MS Subakti, HS Lim, MZ Matjafri…","LAND COVER FRACTIONS MAPPING USING MODIS IMAGERY OVER NANGGROE ACEH DARUSSALAM (NAD) PROVINCE, INDONESIA",2010,"… Penginderaan Jauh dan …","103.16.223.27","http://103.16.223.27/index.php/jurnal_inderaja/article/view/511","",232,"2019-07-12","","","","",,,,,0,0.00,0,4,9
0,"T Wilastri, K Usman, U Wijayanti","DESAIN DAN IMPLEMENTASI STEGANOGRAFI PADA CITRA DIGITAL MENGGUNAKAN METODE PENGACAKAN LSB DAN SSB-4",,"","","","",233,"2019-07-12","CITATION","","","",,,,,0,0.00,0,3,
0,"E Parwati, I Carolita, I Effendy","APLIKASI LANDSAT DAN SIG UNTUK POTENSI LAHAN TAMBAK DI KABUPATEN BANYUWANGI",2010,"Jurnal Penginderaan Jauh dan …","103.16.223.27","http://103.16.223.27/index.php/jurnal_inderaja/article/view/478","",234,"2019-07-12","","","","",,,,,0,0.00,0,3,9
0,"ACSS LINIER, CTMUK ESTIMASI, L PERMUKAAN","ABDUR RAHMAN 08/276128/PGE/00753",,"researchgate.net","","https://www.researchgate.net/profile/Abdur_Rahman29/publication/281376410_LINEAR_SPECTRAL_MIXTURE_ANALYSIS_TERRA_MODIS_IMAGERY_FOR_STUDY_RUNOFF_ESTIMATE_Case_Study_in_Sub_Watershed_of_Riam_Kanan/links/55e49a9208ae6abe6e902d42.pdf","",235,"2019-07-12","PDF","","","",,,,,0,0.00,0,3,
0,"N Nurhayati, FA Iskandarianto","Penerapan Metode Back Propagation Neural Network pada Pendeteksian Kelainan Otak Ischemic Cerebral Infraction dengan Bahasa Pemrograman Delphi",2010,"Jurnal Fisika dan Aplikasinya","iptek.its.ac.id","http://iptek.its.ac.id/index.php/jfa/article/view/914","",236,"2019-07-12","","","","",,,,,0,0.00,0,2,9
0,"ED Astuti","Estimasi Kecepatan Objek Bergerak Menggunakan Center Of Gravity Dan Mahalanobis Distance",2010,"","FASTIKOM","","",237,"2019-07-12","CITATION","","","",,,,,0,0.00,0,1,9
0,"IM Sukarsa, DC Khrisne","PERANGKAT LUNAK KONVERSI DIAGRAM ALIR MENJADI KODE PROGRAM PASCAL",,"Majalah Ilmiah Teknologi Elektro","ojs.unud.ac.id","https://ojs.unud.ac.id/index.php/JTE/article/download/1768/1256","",238,"2019-07-12","PDF","","","",,,,,0,0.00,0,2,
0,"N Mardiyantoro, MH Santoso","Metode Ekstraksi Data Untuk Pengenalan Huruf Dan Angka Tulisan Tangan Dengan Menggunakan Jaringan Syaraf Buatan Propagasi Balik",2010,"Media Aplikom","journal.stikomyos.ac.id","https://journal.stikomyos.ac.id/index.php/media-aplikom/article/view/122","",239,"2019-07-12","","","","",,,,,0,0.00,0,2,9
0,"Y Suwarno, R Susanti","DINAMIKA PENGGUNAAN LAHAN PESISIR TIMUR PROVINSI LAMPUNG",2010,"MAJALAH ILMIAH GLOBE","jurnal.big.go.id","http://jurnal.big.go.id/index.php/GL/article/view/123","",240,"2019-07-12","","","","",,,,,0,0.00,0,2,9
0,"K FISIK, L SARIASIH","APLIKASI SISTEM INFORMASI GEOGRAFI (SIG) DALAM ANALISIS SAWAH DAN TEGALAN BERDASARKAN",,"","","","",241,"2019-07-12","CITATION","","","",,,,,0,0.00,0,2,
0,"D Giellis Kurniati Putri, B Hidayat, AR Ir","IDENTIFIKASI TANDA TANGAN MENGGUNAKAN JARINGAN SYARAF TIRUAN BACK-PROPAGATION DAN JARINGAN SYARAF TIRUAN SELF …",,"","","","",242,"2019-07-12","CITATION","","","",,,,,0,0.00,0,3,
0,"BC Wiseso","PERANCANGAN DAN PEMBUATAN APLIKASI UNTUK MEMBEDAKAN BENDA BERDASARKAN WARNA PADA MODULAR PRODUCTION SYSTEM",2010,"","digilib.stikom.edu","http://digilib.stikom.edu/detil.php?id=861","",243,"2019-07-12","","","","",,,,,0,0.00,0,1,9
0,"AH Dharmawan, B Krisnamurthi, F Tonny","Perubahan Biofisik Dan Penggunaan Lahan Das Citanduy Tahun 1991–2003",2010,"Kumpulan Artikel","","","",244,"2019-07-12","CITATION","","","",,,,,0,0.00,0,3,9
0,"I Nahib","PEMANFAATAN DATA INDERAJA UNTUK PENDUGAAN DEGRADASI SUMBERDAYA TERUMBU KARANG DI KABUPATEN POHUWATO, PROVINSI GORONTALO",2010,"MAJALAH ILMIAH GLOBE","jurnal.big.go.id","http://jurnal.big.go.id/index.php/GL/article/view/129","",245,"2019-07-12","","","","",,,,,0,0.00,0,1,9
0,"W KURNIANDRA","IMPLEMENTASI PENGENALAN KATA DENGAN METODE LINEAR PREDICTIVE CEPSTRAL COEFFICIENT DAN HIDDEN MARKOV MODEL UNTUK …",2010,"","repo.unand.ac.id","http://repo.unand.ac.id/id/eprint/3422","",246,"2019-07-12","","","","",,,,,0,0.00,0,1,9
0,"W Gazali, D Santoso","PENERAPAN METODE LAPLACIANFACES PADA KOMPUTER UNTUK PENGENALAN WAJAH",,"research-dashboard.binus.ac.id","","http://research-dashboard.binus.ac.id/uploads/paper/document/publication/Journal/MatsTat/Vol.%209%20No.%201%20Januari%202009/05_Wikaria.pdf","",247,"2019-07-12","PDF","","","",,,,,0,0.00,0,2,
0,"E Sudarmilah, U Fadlillah","Sistem Identifikasi Teroris Dengan Pelacakan Dan Pengenalan Wajah",2010,"","publikasiilmiah.ums.ac.id","https://publikasiilmiah.ums.ac.id/xmlui/handle/11617/2516","",248,"2019-07-12","","","","",,,,,0,0.00,0,2,9
0,"M Ridwansyah","EKONOMI SPASIAL PENGGUNAAN LAHAN EKS AREAL HUTAN KONSESI DI KAWASAN PENYANGGA TAMAN NASIONAL KERINCI SEBLAT: STUDI KASUS EKS …",2010,"Jurnal Hidrolitan","online-journal.unja.ac.id","https://www.online-journal.unja.ac.id/index.php/hidrolitan/article/view/415","",249,"2019-07-12","","","","",,,,,0,0.00,0,1,9
0,"JD Lesmono, FJ Permana","Persamaan diferensial stokastik untuk dinamika indeks LQ45",2010,"","repository.unpar.ac.id","http://repository.unpar.ac.id/handle/123456789/2437","",250,"2019-07-12","","","","",,,,,0,0.00,0,2,9
0,"ES Ningrum, RY Hakkun, AH Alasiry, RW Indrawan","An Image Processing System for Visual Servoing of Soccer Robot",2010,"","repo.pens.ac.id","http://repo.pens.ac.id/id/eprint/2645","",251,"2019-07-12","","","","",,,,,0,0.00,0,4,9
0,"KA Sekarwati","Pengembangan Metode Analisis Tekstur untuk Kanker Serviks",2010,"Skripsi Program Studi Sistem Komputer","repository.gunadarma.ac.id","http://repository.gunadarma.ac.id/id/eprint/858","",252,"2019-07-12","","","","",,,,,0,0.00,0,1,9
0,"R Susetyoko","Reduksi Dimensi Menggunakan Komponen Utama Data Partisi Pada Pengklasifikasian Data Berdimensi Tinggi dengan Ukuran Sampel Kecil",2010,"Industrial Electronic Seminar","repo.pens.ac.id","http://repo.pens.ac.id/10/1/a65e21b957a8c12f8f1d18de47f6.pdf","",253,"2019-07-12","PDF","","","",,,,,0,0.00,0,1,9
0,"RW INDRAWAN, ES Ningrum, RY Hakkun…","An Image Processing System For Visual Servoing of Soccer Robot",,"EEPIS Final …","repo.pens.ac.id","http://repo.pens.ac.id/724/","",254,"2019-07-12","","","","",,,,,0,0.00,0,4,
0,"L Liliana","Segmentasi Plat Nomor Kendaraan Dengan Menggunakan Metode Run-Length Smearing Algorithm (RLSA)",2010,"Industrial Electronic Seminar","repo.pens.ac.id","http://repo.pens.ac.id/id/eprint/19","",255,"2019-07-12","","","","",,,,,0,0.00,0,1,9
0,"P Danoedoro, MK Suharyadi, SH Murti, P Wicaksono","Prosiding Simposium Nasional Sains Geoinformasi~ I",,"researchgate.net","","https://www.researchgate.net/profile/Bachtiar_Mutaqin/publication/311537635_Pemetaan_Tingkat_Kerawanan_Bencana_Tsunami_di_Pantai_Selatan_Kabupaten_Cilacap_Jawa_Tengah/links/5853b8d008aef7d030a6971b/Pemetaan-Tingkat-Kerawanan-Bencana-Tsunami-di-Pantai-Selatan-Kabupaten-Cilacap-Jawa-Tengah.pdf","",256,"2019-07-12","PDF","","","",,,,,0,0.00,0,4,
0,"WB Prasetyadi, D Pramadihanto, S Setiawardhana","SISTEM PENJEJAKAN PEJALAN KAKI MENGGUNAKAN CIRI OBJEK",,"EEPIS Final Project","repo.pens.ac.id","http://repo.pens.ac.id/708/","",257,"2019-07-12","","","","",,,,,0,0.00,0,3,
0,"D WINARKO","PEMBUATAN ANIMASI 2D PADA LAGU “BERSAMAMU” PENYANYI YELLOW MOON MENGGUNAKAN TEKNIK BRUSH AND SHAPE",,"repository.amikom.ac.id","","http://repository.amikom.ac.id/files/Publikasi_04.11_.0577_.pdf","",258,"2019-07-12","PDF","","","",,,,,0,0.00,0,1,
0,"MD Duano, ST Suyanto, FA Yulianto","Analisis Penerapan Algoritma Genetika Parallel Pada Graphic Processing Unit Studi kasus: Traveling Salesman Problem",,"","","","",259,"2019-07-12","CITATION","","","",,,,,0,0.00,0,3,
0,"D Rochmayanti, TS Widodo, I Soesanti","Pengaruh Parameter Number Of Excitation (NEX) Terhadap SNR",2010,"Forum Teknik","journal.ugm.ac.id","https://journal.ugm.ac.id/mft/article/download/649/500","",260,"2019-07-12","PDF","","","",,,,,0,0.00,0,3,9
0,"S Ferry","Development of medical X-ray equipment for fluoroscopy: The design",2010,"","inis.iaea.org","https://inis.iaea.org/search/search.aspx?orig_q=RN:46116480","",261,"2019-07-12","","","","",,,,,0,0.00,0,1,9
0,"D Noor","PROGRAM STUDI TEKNIK GEOLOGI",,"academia.edu","","http://www.academia.edu/download/50056896/Pengantar-Geologi_Dasar_Edisi_Pertama_2009.pdf","",262,"2019-07-12","PDF","","","",,,,,0,0.00,0,1,
0,"ST NANIN TRIANAWATI SUGITO, M SUGANDI, M SI","URGENSI SISTEM INFORMASI GEOGRAFIS (SIG) UNTUK MENDUKUNG DATA GEOSPASIAL",,"file.upi.edu","","http://file.upi.edu/Direktori/FPIPS/JUR._PEND._GEOGRAFI/198304032008012-NANIN_TRIANA_SUGITO/ARTIKEL_SIG_MENDUKUNG_DATA_GEOSPASIAL.pdf","",263,"2019-07-12","PDF","","","",,,,,0,0.00,0,3,
1,"D Dipa, U Atma, J Yogyakarta","Watermarking Video Digital menggunakan Discrete Wavelet Transform (DWT) berbasis Human Visual System (HVS)",2010,"","academia.edu","http://www.academia.edu/download/45766950/TF66804.pdf","https://scholar.google.com/scholar?cites=4918061542843609416&as_sdt=2005&sciodt=0,5&hl=en",264,"2019-07-12","PDF","","","",,,,,1,0.11,0,3,9
0,"DRSDS DI, M SI, LS TRI, S PD, M SI, AITA SUGITO…","SISTEM I FORMASI GEOGRAFI (SIG)",,"file.upi.edu","","http://file.upi.edu/Direktori/FPIPS/JUR._PEND._GEOGRAFI/195805261986031-DEDE_SUGANDI/HAND_OUT_SIG.pdf","",265,"2019-07-12","PDF","","","",,,,,0,0.00,0,7,
3,"A Yudono, W Hasyim, S Andriyono","Perencanaan Wilayah Berupa Pengembangan Silvofishery Mengacu PERMEN LH No. 17 Tahun 2010 dengan Penginderaan Jauh dan Aplikasi Sistem …",2010,"","awhasyim.wordpress.com","https://awhasyim.wordpress.com/author/awhasyim/page/2/","https://scholar.google.com/scholar?cites=1739088010883119299&as_sdt=2005&sciodt=0,5&hl=en",266,"2019-07-12","HTML","","","",,,,,3,0.33,1,3,9
3,"I Nahib, D Sutrisno","Prediksi Pola Sebaran Fishing Ground Nelayan Di Perairan Selatan Yogyakarta",2010,"MAJALAH ILMIAH GLOBE","jurnal.big.go.id","http://jurnal.big.go.id/index.php/GL/article/view/112","https://scholar.google.com/scholar?cites=14910918937861732280&as_sdt=2005&sciodt=0,5&hl=en",267,"2019-07-12","","","","",,,,,3,0.33,2,2,9
0,"R Mahanani, F Ardilla","SISTEM PENJEJAKAN OBYEK MENGGUNAKAN METODE COUNTERPROPAGATION",2010,"EEPIS Final Project","repo.pens.ac.id","http://repo.pens.ac.id/357/","",268,"2019-07-12","","","","",,,,,0,0.00,0,2,9
0,"A Novianto","SISTEM PENDETEKSI KEASLIAN UANG KERTAS",2010,"","digilib.stikom.edu","http://digilib.stikom.edu/detil.php?id=839","",269,"2019-07-12","","","","",,,,,0,0.00,0,1,9
0,"C Sather, AVM Horton","Borneo bibliography 2010",2010,"Borneo Research Bulletin","go.galegroup.com","https://go.galegroup.com/ps/i.do?id=GALE%7CA254265479&sid=googleScholar&v=2.1&it=r&linkaccess=abs&issn=00067806&p=AONE&sw=w","",270,"2019-07-12","","","","",,,,,0,0.00,0,2,9
0,"MH BASO, M HAMDANA, B Warsito, S Suparti","METODE CASCADE CORRELATION LEARNING (CCL) UNTUK MEMPREDIKSI TERJANGKITNYA PENYAKIT RHINITIS KRONIK",2010,"","eprints.undip.ac.id","http://eprints.undip.ac.id/25139/2/BAB_I.pdf","",271,"2019-07-12","","","","",,,,,0,0.00,0,4,9
0,"E ARDHIANTO","Pemanfaatan sidikjari untuk identifikasi kepemilikan gambar",2010,"","etd.repository.ugm.ac.id","http://etd.repository.ugm.ac.id/index.php?mod=penelitian_detail&sub=PenelitianDetail&act=view&typ=html&buku_id=45177","",272,"2019-07-12","","","","",,,,,0,0.00,0,1,9
0,"M Azhar, A Susanto, AN Irfansyah","ROBOT PENGIKUT OBJEK BERWARNA MERAH YANG BERGERAK DENGAN KAMERA C3088 DAN MIKROKONTROLER ATMEGA 32",2010,"JURNAL PENELITIAN TEKNIK …","i-lib.ugm.ac.id","http://i-lib.ugm.ac.id/jurnal/detail.php?dataId=12038","",273,"2019-07-12","","","","",,,,,0,0.00,0,3,9
0,"AM Arymurthy, EP Purwandari","Analisis Topologi Dan Populasi Penduduk Pemukiman Miskin Menggunakan Teknologi Remote Sensing",2010,"Jurnal Sistem Informasi","jsi.cs.ui.ac.id","http://jsi.cs.ui.ac.id/index.php/jsi/article/view/275","",274,"2019-07-12","","","","",,,,,0,0.00,0,2,9
2,"R Supriyanto, SK Hustinawati…","Robotika",2010,"Universitas …","yogi.staff.gunadarma.ac.id","http://yogi.staff.gunadarma.ac.id/Publications/files/3372/Buku_robotika_Part1.pdf","https://scholar.google.com/scholar?cites=17131512917129168930&as_sdt=2005&sciodt=0,5&hl=en",275,"2019-07-12","PDF","","","",,,,,2,0.22,1,3,9
11,"D Simbolon","Eksplorasi daerah penangkapan ikan cakalang melalui analisis suhu permukaan laut dan hasil tangkapan di perairan Teluk Palabuhanratu",2010,"Jurnal Mangrove dan Pesisir","fpik.bunghatta.ac.id","http://www.fpik.bunghatta.ac.id/files/downloads/Jurnal%20Mangrove%20&%20Pesisir/6._eksplorasi_daerah_penangkapan_ikan_cakalang_melalui_analisis_suhu_permukaan.pdf","https://scholar.google.com/scholar?cites=2788855178003648697&as_sdt=2005&sciodt=0,5&hl=en",276,"2019-07-12","PDF","","","",,,,,11,1.22,11,1,9
1,"FZ Rahmanti, E Martiana, N Ramadijanti","Pengelompokan Gambar Berdasarkan Warna dan Bentuk Menggunakan FGKA (Fast Genetic Kmeans Algorithm) untuk Pencocokan Gambar",2010,"EEPIS Final Project","repo.pens.ac.id","http://repo.pens.ac.id/id/eprint/720","https://scholar.google.com/scholar?cites=3066589238832135290&as_sdt=2005&sciodt=0,5&hl=en",277,"2019-07-12","","","","",,,,,1,0.11,0,3,9
0,"B Bilalodin, M Effendi","KARAKTERISTIK FILM TIPIS TiO2 DOPING NIOBIUM",2010,"Molekul","ojs.jmolekul.com","http://ojs.jmolekul.com/ojs/index.php/jm/article/view/71","",278,"2019-07-12","","","","",,,,,0,0.00,0,2,9
0,"H Lubis, W Maharani, AP Kurniati","IMPLEMENTASI DAN ANALISIS TEXTRANK PADA EKSTRAKSI KATA KUNCI",,"","","","",279,"2019-07-12","CITATION","","","",,,,,0,0.00,0,3,
0,"A Hamzahan, G Santosa, W Widiarto","Object Classfification in Computer Vision with Discriminant Analysis",2010,"Makara Journal of Technology","journal.ui.ac.id","http://journal.ui.ac.id/technology/journal/article/view/59","",280,"2019-07-12","","","","",,,,,0,0.00,0,3,9
0,"A Rufiyanto","DATAMINING",2010,"Dinamika Sains","jurnal.unpand.ac.id","http://jurnal.unpand.ac.id/index.php/dinsain/article/view/773","",281,"2019-07-12","","","","",,,,,0,0.00,0,1,9
2,"BA Suryawinata","Pemanfaatan augmented reality dalam memvisualisasikan produk perumahan melalui internet",2010,"ComTech: Computer, Mathematics and …","journal.binus.ac.id","https://journal.binus.ac.id/index.php/comtech/article/view/2583","https://scholar.google.com/scholar?cites=3719353859245026552&as_sdt=2005&sciodt=0,5&hl=en",282,"2019-07-12","","","","",,,,,2,0.22,2,1,9
12,"M Arihutomo, A Budikarso","Rancang Bangun Sistem Penjejakan Objek Menggunakan Metode Viola Jones Untuk Aplikasi EyeBot",2010,"EEPIS Final Project","repo.pens.ac.id","http://repo.pens.ac.id/id/eprint/311","https://scholar.google.com/scholar?cites=6149290346096219620&as_sdt=2005&sciodt=0,5&hl=en",283,"2019-07-12","","","","",,,,,12,1.33,6,2,9
0,"C Kusumawardani","Implementasi Steganogrfi dengan Penggabungan Kriptografi Metode Vinegere dan Caesar Subsitution",,"Skripsi Jurusan Teknik Informatika STMIK …","repository.amikom.ac.id","http://repository.amikom.ac.id/files/PUBLIKASI_04.11.0514.pdf","",284,"2019-07-12","PDF","","","",,,,,0,0.00,0,1,
0,"I Kumbara","Development of Steganography Software with Least Significant Bit and Substitution Monoalphabetic Cipher Methods for Security of Message Through Image",2010,"ICSIIT 2010","core.ac.uk","https://core.ac.uk/download/pdf/35391868.pdf#page=446","",285,"2019-07-12","PDF","","","",,,,,0,0.00,0,1,9
2,"B Sulistyo, T Gunawan, H Hartono…","Pemetaan Faktor C Yang Diturunkan Dari Berbagai Indeks Vegetasi Data Penginderaan Jauh Sebagai Masukan Pemodelan Erosi Di DAS Merawu (C Factor …",2010,"Jurnal Manusia dan …","journal.ugm.ac.id","https://journal.ugm.ac.id/JML/article/view/18437","https://scholar.google.com/scholar?cites=11007930688708631018&as_sdt=2005&sciodt=0,5&hl=en",286,"2019-07-12","","","","",,,,,2,0.22,1,4,9
0,"YM INDRAWATI","PEMODELAN SPASIAL HABITAT",,"pdfs.semanticscholar.org","","https://pdfs.semanticscholar.org/45ee/e51eacfda4b9815296cbeb05125742344b91.pdf","",287,"2019-07-12","PDF","","","",,,,,0,0.00,0,1,
0,"NON PENELITI, JP SKIM","Daftar Peserta Monitoring dan Evaluasi Penelitian Multitahun 2010",2010,"Universitas","academia.edu","http://www.academia.edu/download/30256946/lampiran_3._daftar_peserta_monitoring_dan_evaluasi_penelitian_multitahun_2010.pdf","",288,"2019-07-12","PDF","","","",,,,,0,0.00,0,2,9
1,"R Ardyansyah, IA Sulistijono","FMX (EEPIS Facial Expression Mechanism Experiment): Sistem Kendali Mekanisme Ekspresi Wajah pada Kepala Robot Humanoid dengan Simulator Grafis OpenGL …",2010,"EEPIS Final Project","repo.pens.ac.id","http://repo.pens.ac.id/263/","https://scholar.google.com/scholar?cites=5149979109577546735&as_sdt=2005&sciodt=0,5&hl=en",289,"2019-07-12","","","","",,,,,1,0.11,1,2,9
1,"P Danoedoro","PENGINDERAAN JAUH: POSISI, PARADIGMA, DAN PEMODELANNYA DALAM KAJIAN GEOGRAFI",2010,"… Jabatan Lektor Kepala. Universitas Gadjah Mada …","researchgate.net","https://www.researchgate.net/profile/Projo_Danoedoro/publication/302587668_PENGINDERAAN_JAUH_POSISI_PARADIGMA_DAN_PEMODELANNYA_DALAM_KAJIAN_GEOGRAFI/links/5731b42c08ae6cca19a2f08b.pdf","https://scholar.google.com/scholar?cites=16228382580101000286&as_sdt=2005&sciodt=0,5&hl=en",290,"2019-07-12","PDF","","","",,,,,1,0.11,1,1,9
0,"B Nababan, D Zulkarnaen, JL Gaol","VARIABILITAS KONSENTRASI KLOROFIL-a DI PERAIRAN UTARA SUMBAWA BERDASARKAN DATA SATELIT SeaWiFS VARIABILITY OF CHLOROPHYLL-a …",,"researchgate.net","","https://www.researchgate.net/profile/Jonson_Lumban-Gaol4/publication/315739559_VARIABILITAS_KONSENTRASI_KLOROFIL-a_DI_PERAIRAN_UTARA_SUMBAWA_BERDASARKAN_DATA_SATELIT_SeaWiFS_VARIABILITY_OF_CHLOROPHYLL-a_CONCENTRATION_OF_THE_NORTHERN_SUMBAWA_WATERS_BASED_ON_SeaWiFS_SATELLITE_DATA/links/58e0c312a6fdcc41bf92330e/VARIABILITAS-KONSENTRASI-KLOROFIL-a-DI-PERAIRAN-UTARA-SUMBAWA-BERDASARKAN-DATA-SATELIT-SeaWiFS-VARIABILITY-OF-CHLOROPHYLL-a-CONCENTRATION-OF-THE-NORTHERN-SUMBAWA-WATERS-BASED-ON-SeaWiFS-SATELLITE-DATA","",291,"2019-07-12","PDF","","","",,,,,0,0.00,0,3,
0,"US DHARMA","PENGENALAN MOTIF BATIK YOGYAKARTA DENGAN METODE LINEAR DISCRIMINANT ANALYSIS (LDA)(STUDI KASUS DI MUSEUM BATIK YOGYAKARTA …",,"repository.usd.ac.id","","https://repository.usd.ac.id/32486/2/065314010_Full.pdf","",292,"2019-07-12","PDF","","","",,,,,0,0.00,0,1,
0,"PH Prakoso","Peran penata suara dalam program live “sensasi artis” di stasiun televisi SCTV",2010,"","eprints.uns.ac.id","https://eprints.uns.ac.id/6797/","",293,"2019-07-12","","","","",,,,,0,0.00,0,1,9
8,"GS Budhi, R Adipranata, FJ Hartono","The use of Gabor filter and back-propagation neural network for the automobile types recognition",2010,"ICSIIT 2010","core.ac.uk","https://core.ac.uk/download/pdf/35391868.pdf#page=59","https://scholar.google.com/scholar?cites=10566682126809893372&as_sdt=2005&sciodt=0,5&hl=en",294,"2019-07-12","PDF","","","",,,,,8,0.89,3,3,9
0,"M Nurjaya","Aplikasi pencarian makna kata dalam bahasa Indonesia dengan Teknologi java 2 micro edition (J2ME)",,"repository.uinjkt.ac.id","","http://repository.uinjkt.ac.id/dspace/handle/123456789/2209","",295,"2019-07-12","","","","",,,,,0,0.00,0,1,
0,"MBD Sumarsono, KS Operasional","BAB I PENDAHULUAN",,"eprints.dinus.ac.id","","http://eprints.dinus.ac.id/18795/9/bab1_17811.pdf","",296,"2019-07-12","PDF","","","",,,,,0,0.00,0,2,
0,"A Qulub","Sistem informasi spasial berbasis Web operasi yustisi kependudukan (OYK) Wilayah DKI Jakarta",,"repository.uinjkt.ac.id","","http://repository.uinjkt.ac.id/dspace/handle/123456789/4649","",297,"2019-07-12","","","","",,,,,0,0.00,0,1,
0,"H Hamid","Pengembangan Sistem Parkir Terkomputerisasi Dengan Otomatisasi Pembiayaan Dan Penggunaan Rfid Sebagai Pengenal Unik Pengguna",2010,"Jurnal Fakultas Hukum UII","files.novilestari.webnode.com","http://files.novilestari.webnode.com/200000176-bfd9dc1dcb/PENGEMBANGAN%20SISTEM%20PARKIR%20TERKOMPUTERISASI%20DENGAN%20OTOMATISASI%20PEMBIAYAAN%20DAN%20PENGGUNAAN%20RFID%20SEBAGAI%20PENGENAL%20UNIK%20PENGGUNA.pdf","",298,"2019-07-12","PDF","","","",,,,,0,0.00,0,1,9
1,"R Anggraeni","Aplikasi CD pembelajaran interaktif huruf dan angka untuk anak balita",2010,"","eprints.uns.ac.id","https://eprints.uns.ac.id/4400/","https://scholar.google.com/scholar?cites=4494217409800942284&as_sdt=2005&sciodt=0,5&hl=en",299,"2019-07-12","","","","",,,,,1,0.11,1,1,9
0,"DPPN Jawas","Iris Segmentation and Normalization",2010,"ICSIIT 2010","core.ac.uk","https://core.ac.uk/download/pdf/35391868.pdf#page=385","",300,"2019-07-12","PDF","","","",,,,,0,0.00,0,1,9
0,"H Grandis","Kata Pengantar",,"academia.edu","","http://www.academia.edu/download/40600120/buku_inversi.pdf","",301,"2019-07-12","PDF","","","",,,,,0,0.00,0,1,
45,"B Ruswanto","Analisis spasial sebaran kasus tuberkulosis paru ditinjau dari faktor lingkungan dalam dan luar rumah di Kabupaten Pekalongan",2010,"","eprints.undip.ac.id","http://eprints.undip.ac.id/23875/","https://scholar.google.com/scholar?cites=16792749762623650933&as_sdt=2005&sciodt=0,5&hl=en",302,"2019-07-12","","","","",,,,,45,5.00,45,1,9
0,"B Hartanto, SH Setyawan, C Budi","Pendeteksi Tingkat Kepadatan Jalan Menggunakan Canny Edge Detection",2010,"","repository.ubaya.ac.id","http://repository.ubaya.ac.id/id/eprint/3097","",303,"2019-07-12","","","","",,,,,0,0.00,0,3,9
0,"KDBJ IPTEK","DAFTAR PROPOSAL LULUS DESK EVALUATION INSENTIF RISET TAHUN ANGGARAN 2011",,"UNIVERSITAS","lppm.itb.ac.id","https://www.lppm.itb.ac.id/wp-content/uploads/sites/55/2010/08/lampiran_sk_lulus_desk_evaluation.pdf","",304,"2019-07-12","PDF","","","",,,,,0,0.00,0,1,
2,"GP Perdana","Perancangan program aplikasi pengelolaan data antropometri sebagai pendukung penelitian dan perancangan produk berbasis ergonomi",2010,"Fakultas Teknik. Universitas Sebelas Maret …","digilib.uns.ac.id","https://digilib.uns.ac.id/dokumen/download/14674/Mjk1MzI=/Perancangan-program-aplikasi-pengelolaan-data-antropometri-sebagai-pendukung-penelitian-dan-perancangan-produk-berbasis-ergonomi-74.pdf","https://scholar.google.com/scholar?cites=11392108540283330617&as_sdt=2005&sciodt=0,5&hl=en",305,"2019-07-12","PDF","","","",,,,,2,0.22,2,1,9
1,"M Sahroni","Visualisasi tiga dimensi pada pembelajaran bimasakti untuk kelas VII SMP (suatu studi kasus di MTs Miftahussalam Tangerang)",2010,"","repository.uinjkt.ac.id","http://repository.uinjkt.ac.id/dspace/bitstream/123456789/2860/1/MUHAMAD%20SAHRONI-FST.pdf","https://scholar.google.com/scholar?cites=616442121130039734&as_sdt=2005&sciodt=0,5&hl=en",306,"2019-07-12","PDF","","","",,,,,1,0.11,1,1,9
1,"IMT Yasa","PENGENDALIAN PENCEMARAN INDUSTRI KECIL DI DAERAH ALIRAN SUNGAI TUKAD BADUNG.",2010,"","s3.eu-central-1.amazonaws.com","https://s3.eu-central-1.amazonaws.com/barbarabonte/fa166c0c8acfe3b61e66898bffe85238.pdf","https://scholar.google.com/scholar?cites=11470823035590204588&as_sdt=2005&sciodt=0,5&hl=en",307,"2019-07-12","PDF","","","",,,,,1,0.11,1,1,9
0,"L Hidayah, UL Yuhana, D Purwitasari","Implementasi Purwarupa Kolaborasi Di Antara Sistem Moodle Melalui Web Portal Berbasis Ontologi",,"researchgate.net","","https://www.researchgate.net/profile/Lailatul_Hidayah/publication/268288534_Implementasi_Purwarupa_Kolaborasi_Di_Antara_Sistem_Moodle_Melalui_Web_Portal_Berbasis_Ontologi/links/54d4250f0cf2464758057c1b/Implementasi-Purwarupa-Kolaborasi-Di-Antara-Sistem-Moodle-Melalui-Web-Portal-Berbasis-Ontologi.pdf","",308,"2019-07-12","PDF","","","",,,,,0,0.00,0,3,
7,"P Sirait, AM Arymurthy","Cluster centres determination based on KD tree in K-Means clustering for area change detection",2010,"2010 International Conference on …","ieeexplore.ieee.org","https://ieeexplore.ieee.org/abstract/document/5952342/","https://scholar.google.com/scholar?cites=15436889934987815720&as_sdt=2005&sciodt=0,5&hl=en",309,"2019-07-12","","","","",,,,,7,0.78,4,2,9
